,Date,Adj Close,daily_return
0,2017-01-03,38.45915603637695,
1,2017-01-04,38.727272033691406,0.00697144776294234
2,2017-01-05,38.36670684814453,-0.009310368807624704
3,2017-01-06,38.144832611083984,-0.00578298882775441
4,2017-01-09,38.13558197021485,-0.00024251360501303945
5,2017-01-10,38.32972717285156,0.005090920148756339
6,2017-01-11,38.006160736083984,-0.008441657706260819
7,2017-01-12,38.36670684814453,0.00948651758235175
8,2017-01-13,38.63481521606445,0.006988047449083767
9,2017-01-17,38.58858871459961,-0.0011964985779360227
10,2017-01-18,37.86747741699219,-0.0186871643049904
11,2017-01-19,36.93373107910156,-0.024658266184681917
12,2017-01-20,36.93373107910156,0.0
13,2017-01-23,36.27734375,-0.01777202870990113
14,2017-01-24,36.26809310913086,-0.000254997745504415
15,2017-01-25,36.63789749145508,0.010196410966837322
16,2017-01-26,36.582427978515625,-0.0015139927980962753
17,2017-01-27,36.54544067382813,-0.0010110675187884333
18,2017-01-30,35.69491195678711,-0.023273182683226645
19,2017-01-31,35.88905334472656,0.005438909281370029
20,2017-02-01,36.29582595825195,0.011334169492245971
21,2017-02-02,36.47148132324219,0.004839547257921018
22,2017-02-03,36.85976791381836,0.01064630710046677
23,2017-02-06,36.55469512939453,-0.008276579091249792
24,2017-02-07,36.37903594970703,-0.004805379420227962
25,2017-02-08,36.65639114379883,0.0076240391437318875
26,2017-02-09,37.30353927612305,0.01765444202582667
27,2017-02-10,37.322025299072266,0.0004955568106388419
28,2017-02-13,37.460697174072266,0.003715550640373433
29,2017-02-14,38.34821319580078,0.023691924835365752
30,2017-02-15,39.01385498046875,0.01735783050097517
31,2017-02-16,38.52386474609375,-0.012559390365814882
32,2017-02-17,38.828956604003906,0.007919554798589967
33,2017-02-21,39.68873977661133,0.022142834827520552
34,2017-02-22,38.865943908691406,-0.020731216777127196
35,2017-02-23,38.70877075195313,-0.004043981463759727
36,2017-02-24,39.0323486328125,0.008359291048865014
37,2017-02-27,39.2727165222168,0.0061581713072278435
38,2017-02-28,39.124794006347656,-0.003766546574018093
39,2017-03-01,39.28195571899414,0.0040169339325080156
40,2017-03-02,39.32818603515625,0.0011768842797141856
41,2017-03-03,39.49460220336914,0.004231473276294251
42,2017-03-06,38.97687911987305,-0.013108704851113262
43,2017-03-07,38.63481521606445,-0.008776072162077875
44,2017-03-08,38.58858871459961,-0.0011964985779360227
45,2017-03-09,38.745750427246094,0.00407275098368709
46,2017-03-10,38.690277099609375,-0.0014317267577739212
47,2017-03-13,38.5793342590332,-0.0028674604808476283
48,2017-03-14,38.40368270874024,-0.004552995889291035
49,2017-03-15,39.59629440307617,0.03105461794851538
50,2017-03-16,39.22648620605469,-0.009339464780642516
51,2017-03-17,39.2449836730957,0.00047155554397226846
52,2017-03-20,38.949134826660156,-0.007538513683682969
53,2017-03-21,38.05237579345703,-0.02302384987995432
54,2017-03-22,38.22803115844727,0.004616147121632386
55,2017-03-23,38.09860610961914,-0.003385605925968149
56,2017-03-24,38.8197135925293,0.01892739804798493
57,2017-03-27,39.38365936279297,0.014527303734981787
58,2017-03-28,39.35592651367188,-0.0007041714652673559
59,2017-03-29,39.26347732543945,-0.002349053787370825
60,2017-03-30,39.56098556518555,0.0075772259619331095
61,2017-03-31,39.802734375,0.00611078835273493
62,2017-04-03,39.765541076660156,-0.0009344407846312297
63,2017-04-04,39.393638610839844,-0.009352380371320912
64,2017-04-05,39.44941711425781,0.0014159266669675485
65,2017-04-06,39.62607955932617,0.00447820165648305
66,2017-04-07,39.62607955932617,0.0
67,2017-04-10,40.2490119934082,0.0157202640536116
68,2017-04-11,40.78826904296875,0.013398019550116214
69,2017-04-12,40.704586029052734,-0.0020516441584677025
70,2017-04-13,40.4907455444336,-0.005253474005766923
71,2017-04-17,40.695289611816406,0.0050516251215562144
72,2017-04-18,40.80686569213867,0.0027417443489545783
73,2017-04-19,40.76039123535156,-0.0011388881747921298
74,2017-04-20,40.76039123535156,0.0
75,2017-04-21,40.2490119934082,-0.012545984629800055
76,2017-04-24,40.60231018066406,0.008777810181122447
77,2017-04-25,40.73248672485352,0.0032061363900286466
78,2017-04-26,40.41636276245117,-0.007760978713078792
79,2017-04-27,40.444252014160156,0.0006900485299210501
80,2017-04-28,43.60542678833008,0.0781612866288921
81,2017-05-01,43.97732162475586,0.008528636544048451
82,2017-05-02,44.442195892333984,0.0105707726255988
83,2017-05-03,44.17256546020508,-0.00606699166670599
84,2017-05-04,43.97732162475586,-0.004420024814386525
85,2017-05-05,44.14468002319336,0.003805561417894232
86,2017-05-08,44.16326904296875,0.00042109309129934047
87,2017-05-09,43.87504959106445,-0.006526225484437598
88,2017-05-10,44.191162109375,0.007204835578691338
89,2017-05-11,44.30274200439453,0.002524936880894169
90,2017-05-12,44.25624465942383,-0.0010495365042211267
91,2017-05-15,43.93084335327149,-0.007352664209457459
92,2017-05-16,43.03826904296875,-0.02031771398343241
93,2017-05-17,42.3409538269043,-0.01620221332247973
94,2017-05-18,42.67565536499024,0.00790491256891035
95,2017-05-19,42.75004577636719,0.0017431580309830164
96,2017-05-22,43.177734375,0.010004400951290736
97,2017-05-23,43.38228225708008,0.004737346343918203
98,2017-05-24,43.09405899047852,-0.006643801377105185
99,2017-05-25,43.4659538269043,0.008629840055399463
100,2017-05-26,42.95458984375,-0.011764701752335129
101,2017-05-30,42.44323348999024,-0.011904580060474346
102,2017-05-31,42.14570236206055,-0.007010095684624629
103,2017-06-01,42.98248672485352,0.01985455967976102
104,2017-06-02,42.91740036010742,-0.001514253122736786
105,2017-06-05,42.55479431152344,-0.008448928535779499
106,2017-06-06,42.629173278808594,0.0017478398965029562
107,2017-06-07,42.94529724121094,0.007415671899963615
108,2017-06-08,43.08475112915039,0.003247244678647343
109,2017-06-09,43.36368179321289,0.006473999657706786
110,2017-06-12,43.62400817871094,0.006003327548141701
111,2017-06-13,44.033103942871094,0.009377766538192668
112,2017-06-14,44.47008514404297,0.0099239245486491
113,2017-06-15,44.0238151550293,-0.010035285238788272
114,2017-06-16,44.01451110839844,-0.00021134121606891654
115,2017-06-19,43.940128326416016,-0.0016899604268971744
116,2017-06-20,44.191162109375,0.005713087160195362
117,2017-06-21,44.042396545410156,-0.003366409862601949
118,2017-06-22,45.39054870605469,0.030610327011939775
119,2017-06-23,45.25107192993164,-0.0030728153789523205
120,2017-06-26,45.418434143066406,0.003698524830393346
121,2017-06-27,45.28827285766602,-0.002865825030215263
122,2017-06-28,45.61368942260742,0.0071854487797344815
123,2017-06-29,45.35206985473633,-0.005735549375258997
124,2017-06-30,45.221275329589844,-0.002883981383108303
125,2017-07-03,45.01572036743164,-0.004545536601080813
126,2017-07-05,44.97834777832031,-0.0008302119527641151
127,2017-07-06,43.83846664428711,-0.025342885862575604
128,2017-07-07,44.24023818969727,0.009164817480278307
129,2017-07-10,43.83846664428711,-0.00908158639850476
130,2017-07-11,42.96955490112305,-0.01982076038869152
131,2017-07-12,42.9415283203125,-0.0006522427536203024
132,2017-07-13,42.7359733581543,-0.004786857156664603
133,2017-07-14,42.84809494018555,0.002623587886757539
134,2017-07-17,42.95086288452149,0.002398425052021702
135,2017-07-18,42.70793914794922,-0.005655852298599996
136,2017-07-19,42.78268432617188,0.0017501471556313766
137,2017-07-20,42.97888946533203,0.004586087625177981
138,2017-07-21,42.9415283203125,-0.0008692906095134622
139,2017-07-24,42.7359733581543,-0.004786857156664603
140,2017-07-25,42.71728897094727,-0.0004372051398112698
141,2017-07-26,40.42819213867188,-0.05358712800880794
142,2017-07-27,39.746131896972656,-0.016870906306166392
143,2017-07-28,39.92365264892578,0.004466365492201474
144,2017-07-31,39.76482009887695,-0.003978407272639761
145,2017-08-01,40.66176986694336,0.02255636428974417
146,2017-08-02,39.69941329956055,-0.023667355615161645
147,2017-08-03,39.77416610717773,0.001882970084547964
148,2017-08-04,39.84890747070313,0.0018791434451197464
149,2017-08-07,40.76454544067383,0.02297774338340064
150,2017-08-08,40.81126022338867,0.001145965991030895
151,2017-08-09,40.839298248291016,0.0006870168857533442
152,2017-08-10,40.72717666625977,-0.0027454336102833428
153,2017-08-11,40.94206237792969,0.005276224115184913
154,2017-08-14,41.18498611450195,0.005933353682329835
155,2017-08-15,41.15696334838867,-0.000680412178247991
156,2017-08-16,41.40923690795898,0.006129547445831607
157,2017-08-17,40.78323364257813,-0.015117478903855954
158,2017-08-18,40.95140838623047,0.004123624554301264
159,2017-08-21,41.07287216186523,0.0029660463564324946
160,2017-08-22,41.18498611450195,0.0027296350787180397
161,2017-08-23,40.85797119140625,-0.0079401489219042
162,2017-08-24,41.194332122802734,0.00823244330514461
163,2017-08-25,41.4746322631836,0.0068043375371464885
164,2017-08-28,41.437255859375,-0.0009011871056848751
165,2017-08-29,41.16631317138672,-0.0065386252629222605
166,2017-08-30,41.36251831054688,0.0047661576673943
167,2017-08-31,42.74531173706055,0.033431074387969995
168,2017-09-01,42.7546501159668,0.00021846557029903124
169,2017-09-05,42.7546501159668,0.0
170,2017-09-06,42.58647918701172,-0.0039333950458940725
171,2017-09-07,42.00719833374024,-0.013602459379834064
172,2017-09-08,41.79229736328125,-0.00511581297928132
173,2017-09-11,42.436988830566406,0.01542608346416441
174,2017-09-12,42.315528869628906,-0.002862124865231186
175,2017-09-13,42.203407287597656,-0.0026496556944068943
176,2017-09-14,42.371578216552734,0.003984771367133265
177,2017-09-15,41.9885139465332,-0.009040594807721458
178,2017-09-18,41.15696334838867,-0.019804239778607124
179,2017-09-19,40.78323364257813,-0.009080594762226779
180,2017-09-20,40.82060241699219,0.0009162778690270381
181,2017-09-21,40.58702850341797,-0.00572196145437065
182,2017-09-22,41.026161193847656,0.010819532905512077
183,2017-09-25,41.87640380859375,0.020724400967683018
184,2017-09-26,42.09128189086914,0.005131244871396935
185,2017-09-27,43.10969924926758,0.02419544648316729
186,2017-09-28,43.27788543701172,0.0039013537712628828
187,2017-09-29,43.54090881347656,0.006077546853523018
188,2017-10-02,43.16515731811523,-0.008629849619607222
189,2017-10-03,43.21212768554688,0.0010881546680230336
190,2017-10-04,42.88333129882813,-0.007608891399918827
191,2017-10-05,43.30605697631836,0.009857575535457077
192,2017-10-06,43.68182373046875,0.008677002257579725
193,2017-10-09,43.080604553222656,-0.013763600644419394
194,2017-10-10,42.5451545715332,-0.01242902664069967
195,2017-10-11,42.939697265625,0.009273504775459962
196,2017-10-12,42.65788269042969,-0.006563031254086527
197,2017-10-13,42.48877716064453,-0.003964226987362761
198,2017-10-16,42.38545608520508,-0.002431726266181045
199,2017-10-17,42.59212112426758,0.004875847947632073
200,2017-10-18,43.21212768554688,0.014556836919916716
201,2017-10-19,43.58787536621094,0.00869542188244843
202,2017-10-20,43.7569694519043,0.0038793835274761883
203,2017-10-23,43.04302978515625,-0.016316021783290502
204,2017-10-24,43.38121032714844,0.007856801523502766
205,2017-10-25,42.47939682006836,-0.020788113108861642
206,2017-10-26,41.59635925292969,-0.020787431866770345
207,2017-10-27,43.24029922485352,0.039521246605447764
208,2017-10-30,43.080604553222656,-0.003693190715458261
209,2017-10-31,43.3436279296875,0.006105378027829289
210,2017-11-01,42.59212112426758,-0.017338345711139458
211,2017-11-02,45.41030883789063,0.06616687873798678
212,2017-11-03,45.03454208374024,-0.008274921791257439
213,2017-11-06,45.58878707885742,0.012307108487671137
214,2017-11-07,45.99272918701172,0.008860558352991044
215,2017-11-08,46.36848831176758,0.008169967979677395
216,2017-11-09,46.246360778808594,-0.002633847628109809
217,2017-11-10,45.56061172485352,-0.014828173339626384
218,2017-11-13,45.74848175048828,0.0041235185069359295
219,2017-11-14,45.6827278137207,-0.0014372922171755895
220,2017-11-15,45.12848663330078,-0.012132401170961926
221,2017-11-16,45.39151382446289,0.005828407083520837
222,2017-11-17,44.978172302246094,-0.009106140936723572
223,2017-11-20,44.72454452514648,-0.005638908032884915
224,2017-11-21,45.523033142089844,0.017853476774803534
225,2017-11-22,46.40605926513672,0.019397348157595532
226,2017-11-24,46.18060684204102,-0.00485825400100437
227,2017-11-27,45.25999450683594,-0.01993504196153173
228,2017-11-28,45.50423812866211,0.00539645716901882
229,2017-11-29,46.32150650024414,0.017960269310986376
230,2017-11-30,46.92272567749024,0.012979266493479358
231,2017-12-01,46.19939041137695,-0.015415457130195763
232,2017-12-04,46.63151550292969,0.009353480375063894
233,2017-12-05,45.8330307006836,-0.017123286550614458
234,2017-12-06,46.10545349121094,0.005943809221485186
235,2017-12-07,46.36848831176758,0.005705069588064715
236,2017-12-08,46.22757339477539,-0.0030390233135210165
237,2017-12-11,45.87060928344727,-0.007721887287479023
238,2017-12-12,46.37788009643555,0.011058732833778341
239,2017-12-13,46.75363540649414,0.008102037205609092
240,2017-12-14,46.40605926513672,-0.00743420566840336
241,2017-12-15,47.063636779785156,0.014170078758280804
242,2017-12-18,46.39667129516602,-0.014171567058022359
243,2017-12-19,46.61272048950195,0.0046565666955171725
244,2017-12-20,45.8424186706543,-0.016525570933392353
245,2017-12-21,46.25575637817383,0.009016489956367169
246,2017-12-22,46.3309211730957,0.0016249825061198653
247,2017-12-26,46.55636978149414,0.004866050635085496
248,2017-12-27,46.51879119873047,-0.0008071630786515849
249,2017-12-28,46.55636978149414,0.0008078151171886372
250,2017-12-29,46.65077590942383,0.0020277811258215817
251,2018-01-02,48.51077270507813,0.039870650796154816
252,2018-01-03,48.02925491333008,-0.00992599715274478
253,2018-01-04,49.52101516723633,0.031059408616647573
254,2018-01-05,49.53990173339844,0.0003813848746503368
255,2018-01-08,47.26449203491211,-0.04593084804107128
256,2018-01-09,47.26449203491211,0.0
257,2018-01-10,46.89625549316406,-0.007790976394627225
258,2018-01-11,47.68935012817383,0.016911683601804173
259,2018-01-12,48.5863037109375,0.018808257616280025
260,2018-01-16,48.444679260253906,-0.0029149048161017928
261,2018-01-17,49.33218765258789,0.01832003856535258
262,2018-01-18,49.0206069946289,-0.006315970825239603
263,2018-01-19,49.50212860107422,0.009822840555566259
264,2018-01-22,49.99309158325195,0.009918017589390704
265,2018-01-23,50.09695053100586,0.0020774659950955066
266,2018-01-24,49.92700576782226,-0.0033923175239661822
267,2018-01-25,50.70121765136719,0.015506875920925143
268,2018-01-26,50.98446273803711,0.00558655392889329
269,2018-01-29,50.74841690063477,-0.00462976021960182
270,2018-01-30,50.32353973388672,-0.008372225040634507
271,2018-01-31,49.96476745605469,-0.00712931323450683
272,2018-02-01,50.011985778808594,0.000945032372970278
273,2018-02-02,48.84122848510742,-0.023409534244034247
274,2018-02-05,47.5194091796875,-0.027063596605129803
275,2018-02-06,48.9922866821289,0.030995282303951432
276,2018-02-07,49.7098503112793,0.014646461264526955
277,2018-02-08,48.59574890136719,-0.02241208539023332
278,2018-02-09,48.4824333190918,-0.0023318003084051853
279,2018-02-12,48.9734001159668,0.010126694624497334
280,2018-02-13,48.38803100585938,-0.011952797002480642
281,2018-02-14,49.10558319091797,0.014829125511879091
282,2018-02-15,49.879798889160156,0.01576634769272789
283,2018-02-16,49.19056701660156,-0.013817855883704766
284,2018-02-20,49.13391494750977,-0.0011516856285204158
285,2018-02-21,49.83259201049805,0.014219853307734232
286,2018-02-22,50.07807159423828,0.004926084994505643
287,2018-02-23,50.05918502807617,-0.00037714244100972566
288,2018-02-26,50.62567520141602,0.011316408228023043
289,2018-02-27,51.58871459960938,0.019022746745833485
290,2018-02-28,50.2857894897461,-0.0252560103498517
291,2018-03-01,50.78617858886719,0.009950904702870744
292,2018-03-02,52.00414657592773,0.023982272754176748
293,2018-03-05,52.63672256469727,0.012163952884910234
294,2018-03-06,53.82637405395508,0.022601169512322272
295,2018-03-07,54.94992065429688,0.020873533097651498
296,2018-03-08,53.977439880371094,-0.017697582859926175
297,2018-03-09,55.11042022705078,0.02098988668582069
298,2018-03-12,55.29925918579102,0.003426556320242913
299,2018-03-13,54.86494064331055,-0.007853966741602771
300,2018-03-14,54.86494064331055,0.0
301,2018-03-15,54.79884719848633,-0.001204657182697133
302,2018-03-16,54.4117431640625,-0.007064090837927695
303,2018-03-19,54.279563903808594,-0.0024292414204661887
304,2018-03-20,54.10017776489258,-0.003304855934987194
305,2018-03-21,54.50616073608398,0.007504281648679889
306,2018-03-22,53.73196029663086,-0.014203907026248963
307,2018-03-23,52.99551010131836,-0.013705999022683657
308,2018-03-26,53.40149688720703,0.0076607770188925626
309,2018-03-27,53.40149688720703,0.0
310,2018-03-28,53.8924560546875,0.009193734185344304
311,2018-03-29,54.21488571166992,0.00598283471540495
312,2018-04-02,52.80190658569336,-0.02606256764039283
313,2018-04-03,54.53730773925781,0.032866259303497625
314,2018-04-04,55.63734817504883,0.02017042060547425
315,2018-04-05,55.95029067993164,0.005624684050329343
316,2018-04-06,54.60369491577149,-0.024067717035885727
317,2018-04-09,54.67955780029297,0.0013893360996632964
318,2018-04-10,54.22436904907226,-0.008324660431293207
319,2018-04-11,54.17695617675781,-0.0008743831075570531
320,2018-04-12,54.2812728881836,0.0019254812153979286
321,2018-04-13,53.91142654418945,-0.006813516417642052
322,2018-04-16,54.2623062133789,0.006508447126730044
323,2018-04-17,55.29595947265625,0.019049195130274255
324,2018-04-18,55.76062393188477,0.008403226269331654
325,2018-04-19,55.14422988891602,-0.011054288842278992
326,2018-04-20,54.92611312866211,-0.003955386822760865
327,2018-04-23,54.83128356933594,-0.0017264931728199207
328,2018-04-24,54.42350769042969,-0.007436920173327755
329,2018-04-25,54.42350769042969,0.0
330,2018-04-26,54.50886154174805,0.0015683269039523662
331,2018-04-27,58.35900115966797,0.07063327886551285
332,2018-04-30,57.67621994018555,-0.011699672816783857
333,2018-05-01,58.40641403198242,0.012660227951036608
334,2018-05-02,59.13661575317383,0.012502081034996504
335,2018-05-03,59.56334686279297,0.0072160218197172546
336,2018-05-04,59.62974166870117,0.001114692330186573
337,2018-05-07,59.88578414916992,0.004293872039414559
338,2018-05-08,60.06595993041992,0.0030086569594078853
339,2018-05-09,60.23666381835938,0.002841940562295253
340,2018-05-10,60.388389587402344,0.002518827561574177
341,2018-05-11,59.89526748657226,-0.008165842874752749
342,2018-05-14,59.5064582824707,-0.006491484559923211
343,2018-05-15,59.40214157104492,-0.0017530317622097558
344,2018-05-16,59.99957275390625,0.010057401417873145
345,2018-05-17,59.86681747436523,-0.002212603747788866
346,2018-05-18,59.648704528808594,-0.0036433028304875274
347,2018-05-21,59.9237060546875,0.0046103520277811505
348,2018-05-22,60.4926986694336,0.009495284123896221
349,2018-05-23,60.44528198242188,-0.0007838414892156197
350,2018-05-24,60.4926986694336,0.0007844563786716384
351,2018-05-25,60.02802658081055,-0.007681457412939795
352,2018-05-29,60.73926544189453,0.011848446494014064
353,2018-05-30,62.076377868652344,0.02201397097956259
354,2018-05-31,61.40307998657226,-0.010846281712904028
355,2018-06-01,61.58325576782226,0.0029343117851645677
356,2018-06-04,62.3418960571289,0.01231893766979164
357,2018-06-05,63.11002731323242,0.01232126875640138
358,2018-06-06,63.10055541992188,-0.00015008539393479567
359,2018-06-07,62.30397415161133,-0.012623997728854586
360,2018-06-08,62.88244247436523,0.009284613552038357
361,2018-06-11,63.47040176391602,0.009350134416144629
362,2018-06-12,63.18589782714844,-0.004482466297059617
363,2018-06-13,63.27124786376953,0.0013507766694171865
364,2018-06-14,63.97300338745117,0.011091223065374134
365,2018-06-15,64.22904205322266,0.004002292407951913
366,2018-06-18,64.2100830078125,-0.00029517870427597787
367,2018-06-19,64.36182403564453,0.0023631962570982434
368,2018-06-20,65.66099548339844,0.020185435500311488
369,2018-06-21,65.53771209716797,-0.001877574126356918
370,2018-06-22,63.46090316772461,-0.031688761523506186
371,2018-06-25,63.38504409790039,-0.0011953670061033428
372,2018-06-26,64.54198455810547,0.01825257798066904
373,2018-06-27,63.612648010253906,-0.014398945960747532
374,2018-06-28,64.55147552490234,0.014758503914144685
375,2018-06-29,64.45629119873047,-0.0014745491934596846
376,2018-07-02,64.81796264648439,0.00561111167005901
377,2018-07-03,65.3890380859375,0.00881045031556682
378,2018-07-05,65.36051177978516,-0.00043625517345669
379,2018-07-06,66.00771331787111,0.009902026781346551
380,2018-07-09,65.96014404296875,-0.0007206623667340706
381,2018-07-10,65.90303039550781,-0.0008658811815773769
382,2018-07-11,65.35099029541016,-0.008376551074884775
383,2018-07-12,66.10292053222656,0.011506026663366642
384,2018-07-13,65.96014404296875,-0.0021599119692178315
385,2018-07-16,65.76976776123047,-0.0028862320496793052
386,2018-07-17,66.04580688476561,0.004197051820789
387,2018-07-18,65.99821472167969,-0.0007205932568733474
388,2018-07-19,66.86435699462889,0.01312372276434748
389,2018-07-20,66.50267028808594,-0.005409260221735268
390,2018-07-23,66.48362731933594,-0.00028634893407297746
391,2018-07-24,65.98870086669922,-0.0074443358852770425
392,2018-07-25,67.02615356445311,0.015721671803322845
393,2018-07-26,71.78518676757812,0.07100263031726373
394,2018-07-27,71.15699768066406,-0.008750957059538989
395,2018-07-30,69.91013336181639,-0.017522722423496617
396,2018-07-31,71.98506927490234,0.029680045128039238
397,2018-08-01,71.9469985961914,-0.0005288690987508282
398,2018-08-02,73.93628692626953,0.02764935812323688
399,2018-08-03,74.45024871826172,0.006951414702563108
400,2018-08-06,74.45024871826172,0.0
401,2018-08-07,75.14506530761719,0.009332629525319993
402,2018-08-08,74.6501235961914,-0.006586483216158845
403,2018-08-09,74.72627258300781,0.0010200785095590972
404,2018-08-10,75.17363739013672,0.005986713797773824
405,2018-08-13,75.68759155273438,0.006836893629748486
406,2018-08-14,75.91603088378906,0.003018187345749101
407,2018-08-15,75.73517608642578,-0.0023823004872334237
408,2018-08-16,75.68759155273438,-0.0006283016182216937
409,2018-08-17,76.85832214355469,0.015467932943864724
410,2018-08-20,77.52457427978516,0.008668575082683372
411,2018-08-21,77.34374237060547,-0.002332575326722486
412,2018-08-22,78.3812026977539,0.013413629795378634
413,2018-08-23,77.68638610839844,-0.008864581882403022
414,2018-08-24,77.47699737548828,-0.0026953079348804865
415,2018-08-27,77.05819702148438,-0.005405479925534751
416,2018-08-28,77.13435363769531,0.0009883000012276266
417,2018-08-29,77.44844055175781,0.004071945887273332
418,2018-08-30,76.77264404296875,-0.00872576005371517
419,2018-08-31,77.65782928466797,0.011529956441304723
420,2018-09-04,77.43891143798828,-0.0028190054846525263
421,2018-09-05,76.9534912109375,-0.006268427823129974
422,2018-09-06,76.9820556640625,0.0003711911269457247
423,2018-09-07,75.7066421508789,-0.016567672845075654
424,2018-09-10,75.44965362548828,-0.003394530758324521
425,2018-09-11,76.09686279296875,0.008578027020416101
426,2018-09-12,76.28723907470703,0.0025017625530270315
427,2018-09-13,76.639404296875,0.0046163057732775395
428,2018-09-14,76.3443374633789,-0.003850066897089999
429,2018-09-17,75.84940338134766,-0.006482918032639451
430,2018-09-18,76.0207290649414,0.002258761123437925
431,2018-09-19,73.72689056396484,-0.03017385559426866
432,2018-09-20,73.56507110595703,-0.0021948498949296846
433,2018-09-21,73.2890396118164,-0.0037522086227994578
434,2018-09-24,73.43180847167969,0.0019480247062790836
435,2018-09-25,73.5270004272461,0.0012963313521430206
436,2018-09-26,73.4793930053711,-0.0006474821711529577
437,2018-09-27,73.23194122314453,-0.0033676350893164786
438,2018-09-28,74.45453643798828,0.016694835537929942
439,2018-10-01,74.9703140258789,0.006927416549295185
440,2018-10-02,74.09156799316406,-0.011721253193784252
441,2018-10-03,73.75727844238281,-0.004511843382935199
442,2018-10-04,72.79257202148438,-0.01307947420608857
443,2018-10-05,73.38477325439453,0.008135462403160655
444,2018-10-08,73.15553283691406,-0.003123814482410281
445,2018-10-09,73.4993896484375,0.004700352771539461
446,2018-10-10,72.10485076904297,-0.018973475644694426
447,2018-10-11,71.38847351074219,-0.009935215878823291
448,2018-10-12,70.94911193847656,-0.0061545169781437314
449,2018-10-15,70.99687957763672,0.0006732662024238056
450,2018-10-16,72.13349151611328,0.016009322455272867
451,2018-10-17,72.0188980102539,-0.0015886310706834106
452,2018-10-18,72.51556396484375,0.006896328162632193
453,2018-10-19,71.53175354003906,-0.013566886486349959
454,2018-10-22,71.6463623046875,0.001602208235875091
455,2018-10-23,70.77717590332031,-0.012131619434784913
456,2018-10-24,69.14385986328125,-0.0230768749839656
457,2018-10-25,70.2423095703125,0.01588643892896968
458,2018-10-26,68.68538665771484,-0.02216503019507321
459,2018-10-29,68.72359466552734,0.000556275645690274
460,2018-10-30,64.77879333496094,-0.0574009748728288
461,2018-10-31,64.28211975097656,-0.007667225003963218
462,2018-11-01,64.71192932128906,0.00668630051369723
463,2018-11-02,65.93452453613281,0.018892887720495462
464,2018-11-05,67.25264739990234,0.019991391051090268
465,2018-11-06,67.83528900146484,0.008663474585587139
466,2018-11-07,70.07037353515625,0.0329486992182364
467,2018-11-08,70.61479949951172,0.0077697026130783
468,2018-11-09,69.93663787841797,-0.009603675517034338
469,2018-11-12,70.23273468017578,0.004233786620863267
470,2018-11-13,68.68538665771484,-0.02203172109853357
471,2018-11-14,68.21736145019531,-0.006814043427488814
472,2018-11-15,69.07700347900389,0.012601513903996331
473,2018-11-16,70.31871032714844,0.01797569068730609
474,2018-11-19,68.50391387939453,-0.025808158871384438
475,2018-11-20,67.44368743896484,-0.015476873953454429
476,2018-11-21,67.62516021728516,0.002690730373906991
477,2018-11-23,68.21736145019531,0.008757113935218275
478,2018-11-26,68.74268341064453,0.007700707697889442
479,2018-11-27,68.71403503417969,-0.00041674800929303313
480,2018-11-28,69.67873382568361,0.014039326769619276
481,2018-11-29,70.81538391113281,0.016312725892706048
482,2018-11-30,71.83740997314453,0.014432260415254916
483,2018-12-03,71.14968872070312,-0.009573302443650178
484,2018-12-04,69.73605346679689,-0.01986846716161239
485,2018-12-06,68.75225067138672,-0.014107520378660143
486,2018-12-07,67.96903228759766,-0.011391894463682271
487,2018-12-10,68.1505126953125,0.0026700454840513643
488,2018-12-11,69.25848388671875,0.016257708821058703
489,2018-12-12,70.01304626464844,0.010894872881766604
490,2018-12-13,68.80955505371094,-0.017189527882965128
491,2018-12-14,65.46650695800781,-0.04858406791169667
492,2018-12-17,63.689918518066406,-0.02713736416517476
493,2018-12-18,63.99556350708008,0.004798953996572708
494,2018-12-19,61.87511825561523,-0.03313425392730951
495,2018-12-20,60.108070373535156,-0.028558295028708214
496,2018-12-21,58.83771133422852,-0.021134583616012392
497,2018-12-24,56.87963104248047,-0.033279341554010244
498,2018-12-26,59.19111633300781,0.04063819065213381
499,2018-12-27,58.79950332641602,-0.006616077392232023
500,2018-12-28,58.58937072753906,-0.003573713840922088
501,2018-12-31,59.19377899169922,0.010316005388944394
502,2019-01-02,58.78124237060547,-0.006969256366477272
503,2019-01-03,57.73551940917969,-0.01779007927108245
504,2019-01-04,59.15540313720703,0.024592897795972624
505,2019-01-07,60.632850646972656,0.02497569843854808
506,2019-01-08,61.9088249206543,0.021044273196238802
507,2019-01-09,62.59957885742188,0.011157600514190014
508,2019-01-10,61.71694946289063,-0.0140996059500903
509,2019-01-11,62.36933517456055,0.010570608517554536
510,2019-01-14,62.41730117797852,0.0007690638882669187
511,2019-01-15,63.27114486694336,0.013679599611815307
512,2019-01-16,63.16560745239258,-0.0016680180953374535
513,2019-01-17,63.76043319702149,0.009416924314030071
514,2019-01-18,63.77962493896485,0.00030099767177005354
515,2019-01-22,63.30950927734375,-0.007370938008352755
516,2019-01-23,64.24971771240234,0.014850982826920545
517,2019-01-24,63.1560173034668,-0.017022649248534027
518,2019-01-25,64.69103240966797,0.02430512834312171
519,2019-01-28,64.23052215576172,-0.007118610366116606
520,2019-01-29,64.83493804931639,0.009410104001473574
521,2019-01-30,63.9810791015625,-0.013169734921384624
522,2019-01-31,64.125,0.00224942905712866
523,2019-02-01,64.29768371582031,0.0026929234435915106
524,2019-02-04,64.95966339111328,0.01029554467651983
525,2019-02-05,65.04599761962889,0.00132904365584241
526,2019-02-06,65.31462860107422,0.004129861809733626
527,2019-02-07,65.62161254882811,0.004700079512491406
528,2019-02-08,62.45567321777344,-0.04824537538907536
529,2019-02-11,62.64755249023438,0.003072247284756413
530,2019-02-12,63.02170181274414,0.005972289541049225
531,2019-02-13,63.17521286010742,0.0024358442083871608
532,2019-02-14,63.52058792114258,0.0054669394118218575
533,2019-02-15,64.46079254150389,0.014801573019578075
534,2019-02-19,63.64529800415039,-0.012651016303102948
535,2019-02-20,62.48445510864258,-0.01823925618876221
536,2019-02-21,62.73388671875,0.003991898619804425
537,2019-02-22,63.19440078735352,0.007340754617486178
538,2019-02-25,63.13682174682617,-0.0009111414905428328
539,2019-02-26,61.9088249206543,-0.019449772608067684
540,2019-02-27,60.71919250488281,-0.0192158778218805
541,2019-02-28,60.57528305053711,-0.002370081821067238
542,2019-03-01,61.1796989440918,0.009977929332173785
543,2019-03-04,59.55834579467773,-0.026501489503825804
544,2019-03-05,59.280128479003906,-0.004671340547854563
545,2019-03-06,57.18867492675781,-0.03528085390346036
546,2019-03-07,56.6130485534668,-0.010065390989181466
547,2019-03-08,56.65142059326172,0.0006777949743985713
548,2019-03-11,56.97761154174805,0.005757859998397397
549,2019-03-12,57.26542282104492,0.005051304740740115
550,2019-03-13,57.620399475097656,0.006198795653042488
551,2019-03-14,57.57242965698242,-0.000832514500979209
552,2019-03-15,57.30379867553711,-0.0046659656895813315
553,2019-03-18,57.74511337280274,0.007701316622383603
554,2019-03-19,58.196022033691406,0.007808602919827878
555,2019-03-20,57.53404998779297,-0.01137486760719142
556,2019-03-21,58.867591857910156,0.023178306939979576
557,2019-03-22,57.79308700561523,-0.01825290993537632
558,2019-03-25,57.18867492675781,-0.010458207203894343
559,2019-03-26,56.89126205444336,-0.005200555401840501
560,2019-03-27,56.08538436889648,-0.01416522777743412
561,2019-03-28,56.21010208129883,0.0022237114678937964
562,2019-03-29,56.2872085571289,0.001371754773164202
563,2019-04-01,56.30648803710938,0.00034251973893706383
564,2019-04-02,56.2197380065918,-0.0015406755694017393
565,2019-04-03,56.54744338989258,0.0058290094354824795
566,2019-04-04,57.569091796875,0.018067101636022542
567,2019-04-05,58.24376678466797,0.011719396063663234
568,2019-04-08,58.14738464355469,-0.0016548061094608935
569,2019-04-09,58.53291320800781,0.006630196126901078
570,2019-04-10,58.83169555664063,0.005104518676031677
571,2019-04-11,58.899169921875,0.001146904990515063
572,2019-04-12,58.85097885131836,-0.0008181960903789197
573,2019-04-15,59.149757385253906,0.005076866005752967
574,2019-04-16,56.759483337402344,-0.04041054694921642
575,2019-04-17,55.62217330932617,-0.02003735695259101
576,2019-04-18,59.053382873535156,0.06168780110635619
577,2019-04-22,57.32814025878906,-0.029214966709710133
578,2019-04-23,59.7280502319336,0.041862686672041516
579,2019-04-24,59.97864532470703,0.004195601426805862
580,2019-04-25,60.37380981445313,0.006588419721832661
581,2019-04-26,63.17853927612305,0.046456062161551286
582,2019-04-29,62.2147216796875,-0.015255458696554538
583,2019-04-30,62.11833572387695,-0.0015492467571709412
584,2019-05-01,60.69187545776367,-0.022963594395929432
585,2019-05-02,61.02921676635742,0.005558261399065012
586,2019-05-03,62.14725112915039,0.018319657731693084
587,2019-05-06,62.57133483886719,0.006823853058850471
588,2019-05-07,61.7809944152832,-0.012631030257213792
589,2019-05-08,60.84608840942383,-0.01513258267704576
590,2019-05-09,59.91117858886719,-0.015365158960848556
591,2019-05-10,60.08467483520508,0.0028958910578023023
592,2019-05-13,59.35216903686523,-0.012191225139337123
593,2019-05-14,59.27505493164063,-0.0012992634721857856
594,2019-05-15,58.55219650268555,-0.012194985391219436
595,2019-05-16,57.22211456298828,-0.022716174954021784
596,2019-05-17,57.1064567565918,-0.002021208186376522
597,2019-05-20,57.0968246459961,-0.00016866937895920753
598,2019-05-21,57.790771484375,0.01215386044112643
599,2019-05-22,57.77150344848633,-0.00033341025554367576
600,2019-05-23,57.3666877746582,-0.007007186063438532
601,2019-05-24,57.21247482299805,-0.002688196889907957
602,2019-05-28,57.00043487548828,-0.003706183802846597
603,2019-05-29,56.29684829711914,-0.012343530008254387
604,2019-05-30,57.1642951965332,0.015408445155506987
605,2019-05-31,56.78839111328125,-0.006575854420308724
606,2019-06-03,57.44379425048828,0.011541146427262559
607,2019-06-04,58.67748641967773,0.02147650908660093
608,2019-06-05,58.22449493408203,-0.007720021992008608
609,2019-06-06,58.76423263549805,0.009269942178580905
610,2019-06-07,58.49435806274414,-0.0045924971815403115
611,2019-06-10,58.36906814575195,-0.002141914556234581
612,2019-06-11,57.92570495605469,-0.007595858624814046
613,2019-06-12,58.40761947631836,0.00831952793029056
614,2019-06-13,58.35942840576172,-0.0008250819154884682
615,2019-06-14,57.71366882324219,-0.011065214313438656
616,2019-06-17,58.52328109741211,0.014028085385621392
617,2019-06-18,58.55219650268555,0.0004940838027400751
618,2019-06-19,59.07265090942383,0.008888725578628076
619,2019-06-20,58.74496078491211,-0.005547239195582532
620,2019-06-21,59.71841049194336,0.016570778055251756
621,2019-06-24,59.371437072753906,-0.005810158313511393
622,2019-06-25,59.959373474121094,0.00990268099198488
623,2019-06-26,58.73531723022461,-0.02041476041147749
624,2019-06-27,59.74732971191406,0.01723005049453752
625,2019-06-28,61.33491134643555,0.026571591436410413
626,2019-07-01,60.56048965454102,-0.012626115778017309
627,2019-07-02,61.47044372558594,0.01502554018693747
628,2019-07-03,61.29619216918945,-0.0028347209786604433
629,2019-07-05,61.78022003173828,0.007896540476981295
630,2019-07-08,60.85089874267578,-0.015042375837850397
631,2019-07-09,60.49272918701172,-0.0058860191560797795
632,2019-07-10,60.37655639648438,-0.001920442209975226
633,2019-07-11,61.43171691894531,0.01747632832074486
634,2019-07-12,62.48688507080078,0.01717627643791375
635,2019-07-15,62.33200073242188,-0.0024786695352697623
636,2019-07-16,62.08030700683594,-0.004037953581281784
637,2019-07-17,62.68048477172852,0.009667764124080323
638,2019-07-18,63.3097152709961,0.01003869867246765
639,2019-07-19,63.41620254516602,0.0016820052611847824
640,2019-07-22,63.59045028686523,0.0027476848929119946
641,2019-07-23,63.67757415771485,0.0013700779040972664
642,2019-07-24,64.79081726074219,0.01748249863083795
643,2019-07-25,64.71337127685547,-0.0011953234603454546
644,2019-07-26,65.37163543701172,0.010171996098612636
645,2019-07-29,65.28452301025389,-0.0013325722413930485
646,2019-07-30,62.75793075561523,-0.038701244002990236
647,2019-07-31,61.79957580566406,-0.01527065883805312
648,2019-08-01,60.36687850952149,-0.02318296327223757
649,2019-08-02,60.55080032348633,0.003046733879669139
650,2019-08-05,58.20814895629883,-0.038689024004177175
651,2019-08-06,58.23719024658203,0.0004989213847876872
652,2019-08-07,61.19938659667969,0.050864341798692925
653,2019-08-08,62.08030700683594,0.014394268621706232
654,2019-08-09,61.16067504882813,-0.014813585859144385
655,2019-08-12,59.64085388183594,-0.024849646701558314
656,2019-08-13,60.36687850952149,0.012173276880374615
657,2019-08-14,59.53436279296875,-0.013790935312672059
658,2019-08-15,58.60504531860352,-0.015609766037085747
659,2019-08-16,60.00870895385742,0.023951242211706303
660,2019-08-19,60.27007293701172,0.004355434197980568
661,2019-08-20,59.95061492919922,-0.005300441699255365
662,2019-08-21,60.57984924316406,0.010495877560354527
663,2019-08-22,59.89253234863281,-0.01134563560520596
664,2019-08-23,58.54696273803711,-0.022466400364626105
665,2019-08-26,58.73088836669922,0.003141505896472774
666,2019-08-27,56.6302490234375,-0.035767198516493015
667,2019-08-28,57.11426544189453,0.008546959033443713
668,2019-08-29,58.56632995605469,0.025423849942312948
669,2019-08-30,58.8470573425293,0.0047933238549393575
670,2019-09-03,58.79865646362305,-0.0008224859677269379
671,2019-09-04,58.363037109375,-0.0074086617016079215
672,2019-09-05,59.06970596313477,0.012108157641547157
673,2019-09-06,61.838294982910156,0.04686986289559747
674,2019-09-09,62.21582412719727,0.00610510274242615
675,2019-09-10,62.79665756225586,0.00933578302958904
676,2019-09-11,63.29035949707031,0.007861914216134913
677,2019-09-12,62.41912078857422,-0.013765741187430349
678,2019-09-13,61.75117111206055,-0.01070104269453187
679,2019-09-16,62.61272048950195,0.013951952034690018
680,2019-09-17,61.56724166870117,-0.016697546642715718
681,2019-09-18,61.19938659667969,-0.005974850619440586
682,2019-09-19,62.36103057861328,0.018981301064161515
683,2019-09-20,62.19646453857422,-0.0026389243171921484
684,2019-09-23,62.25454711914063,0.0009338566266960945
685,2019-09-24,61.06386947631836,-0.01912595461571009
686,2019-09-25,61.39299011230469,0.005389776946807645
687,2019-09-26,60.105506896972656,-0.02097117623651934
688,2019-09-27,60.202308654785156,0.0016105305954483562
689,2019-09-30,61.534523010253906,0.02212895792930469
690,2019-10-01,61.14556121826172,-0.006321033672876175
691,2019-10-02,59.02568435668945,-0.03466934997955573
692,2019-10-03,60.34817504882813,0.022405342802074516
693,2019-10-04,60.72741317749024,0.006284168963771819
694,2019-10-07,61.34004211425781,0.010088177722588298
695,2019-10-08,60.45513534545898,-0.014426249775807531
696,2019-10-09,61.534523010253906,0.017854358585535968
697,2019-10-10,61.84569549560547,0.005056876532539389
698,2019-10-11,62.4096908569336,0.009119395566797415
699,2019-10-14,61.91376495361328,-0.007946296424655719
700,2019-10-15,62.92508316040039,0.016334303164164066
701,2019-10-16,63.23624801635742,0.004945005081103293
702,2019-10-17,64.55873107910156,0.020913370167092268
703,2019-10-18,64.91853332519531,0.0055732546176117115
704,2019-10-21,64.65597534179689,-0.004044422600911091
705,2019-10-22,65.49226379394531,0.012934434098742951
706,2019-10-23,65.40474700927734,-0.001336291946531509
707,2019-10-24,64.95742797851561,-0.0068392441101909895
708,2019-10-25,65.81314849853516,0.013173559154814107
709,2019-10-28,65.62838745117189,-0.0028073576721129308
710,2019-10-29,61.97210693359375,-0.05571187499157193
711,2019-10-30,62.3318977355957,0.005805689362594846
712,2019-10-31,62.25410842895508,-0.0012479855333555891
713,2019-11-01,67.13564300537111,0.0784130509552936
714,2019-11-04,67.94275665283203,0.012022133271239356
715,2019-11-05,67.12590789794922,-0.012022602483686027
716,2019-11-06,68.11778259277344,0.01477633190946426
717,2019-11-07,68.13722991943361,0.00028549559189894325
718,2019-11-08,68.46785736083984,0.004852375739330394
719,2019-11-11,67.85523986816406,-0.00894751955574069
720,2019-11-12,67.92330932617189,0.0010031569874349169
721,2019-11-13,67.21343231201172,-0.010451154709663736
722,2019-11-14,67.30095672607422,0.0013021863495410455
723,2019-11-15,67.55378723144531,0.003756714877028555
724,2019-11-18,68.36089324951172,0.011947605769328408
725,2019-11-19,68.30253601074219,-0.0008536640759876367
726,2019-11-20,68.06916046142578,-0.003416791863770641
727,2019-11-21,68.44841003417969,0.005571532984732786
728,2019-11-22,68.87626647949219,0.006250787200153375
729,2019-11-25,69.80006408691406,0.013412422807454805
730,2019-11-26,69.17771911621094,-0.008916108872453088
731,2019-11-27,69.40137481689453,0.003233059770413549
732,2019-11-29,68.75956726074219,-0.00924776429639418
733,2019-12-02,68.17613220214844,-0.008485147330571706
734,2019-12-03,68.60398864746094,0.006275751226893611
735,2019-12-04,69.21660614013672,0.008929764941567386
736,2019-12-05,69.34302520751953,0.0018264268422358845
737,2019-12-06,70.10150909423828,0.010938142436804243
738,2019-12-09,69.61529541015625,-0.006935851886275546
739,2019-12-10,69.80979919433594,0.0027939805905257127
740,2019-12-11,68.72068023681639,-0.015601233209218468
741,2019-12-12,68.63316345214844,-0.001273514528179365
742,2019-12-13,68.44841003417969,-0.002691897162769741
743,2019-12-16,67.84550476074219,-0.008808170608147647
744,2019-12-17,67.96219635009766,0.0017199605156890119
745,2019-12-18,68.73040771484375,0.011303509980589157
746,2019-12-19,68.15666961669922,-0.008347660332889584
747,2019-12-20,67.55378723144531,-0.008845537621547606
748,2019-12-23,67.60239410400389,0.0007195284609586848
749,2019-12-24,67.62185668945311,0.00028789787265925964
750,2019-12-26,67.53433227539061,-0.0012943213680813859
751,2019-12-27,67.82606506347656,0.004319770082220176
752,2019-12-30,67.38846588134766,-0.006451784895959546
753,2019-12-31,67.632568359375,0.003622318372065836
754,2020-01-02,67.52516174316406,-0.0015880901585788587
755,2020-01-03,67.53491973876953,0.0001445090297240714
756,2020-01-06,67.29084014892578,-0.0036141242306627634
757,2020-01-07,66.61714935302734,-0.010011627056631278
758,2020-01-08,67.27131652832031,0.009819801382168205
759,2020-01-09,67.27131652832031,0.0
760,2020-01-10,69.29237365722656,0.030043371130627605
761,2020-01-13,74.86740112304688,0.08045658088433649
762,2020-01-14,75.71684265136719,0.011345946507802962
763,2020-01-15,75.66801452636719,-0.0006448779860621644
764,2020-01-16,78.3530044555664,0.03548381632590103
765,2020-01-17,77.58168029785156,-0.009844219287752476
766,2020-01-21,77.83553314208984,0.0032720720054488783
767,2020-01-22,77.69884490966797,-0.0017561160938198705
768,2020-01-23,77.11304473876953,-0.0075393678191675315
769,2020-01-24,76.9763412475586,-0.0017727673920027165
770,2020-01-27,75.51180267333984,-0.019025827292943776
771,2020-01-28,76.30266571044922,0.010473369845646507
772,2020-01-29,75.3262939453125,-0.012796037412923678
773,2020-01-30,75.4141616821289,0.0011664948879630546
774,2020-01-31,75.2091293334961,-0.0027187512803897858
775,2020-02-03,75.34581756591797,0.0018174420264296387
776,2020-02-04,76.81035614013672,0.01943755634395328
777,2020-02-05,77.41570281982422,0.007881055499639578
778,2020-02-06,77.90387725830078,0.006305883957583358
779,2020-02-07,77.70860290527344,-0.002506606344891971
780,2020-02-10,79.9054183959961,0.02826991360789965
781,2020-02-11,79.79802703857422,-0.0013439809161583938
782,2020-02-12,80.1788101196289,0.004771835785747136
783,2020-02-13,80.46195220947266,0.003531383035259461
784,2020-02-14,80.65723419189453,0.002427010245954264
785,2020-02-18,80.53030395507812,-0.001573699347468649
786,2020-02-19,80.85249328613281,0.004000845833568523
787,2020-02-20,80.60840606689453,-0.0030189201262411647
788,2020-02-21,79.71015167236328,-0.011143433276497472
789,2020-02-24,77.32781982421875,-0.029887433384103382
790,2020-02-25,75.05292510986328,-0.029418839423208217
791,2020-02-26,75.55084991455078,0.006634315770619681
792,2020-02-27,73.34427642822266,-0.029206468078437187
793,2020-02-28,73.07089233398438,-0.0037274087025157545
794,2020-03-02,74.73070526123047,0.02271510411641886
795,2020-03-03,72.17265319824219,-0.03423026792061301
796,2020-03-04,80.11046600341797,0.10998366352657674
797,2020-03-05,77.03491973876953,-0.03839131661669792
798,2020-03-06,75.4336929321289,-0.020785726941372703
799,2020-03-09,68.2086181640625,-0.0957804727201561
800,2020-03-10,70.04418182373047,0.026911022522885242
801,2020-03-11,62.34068298339844,-0.10998056711859737
802,2020-03-12,57.605323791503906,-0.07595937300134448
803,2020-03-13,62.39926147460938,0.08322039297021577
804,2020-03-16,56.17007827758789,-0.09982783529507287
805,2020-03-17,54.70553207397461,-0.02607342287072512
806,2020-03-18,51.66904830932617,-0.05550597260515455
807,2020-03-19,52.62588500976562,0.01851856637093774
808,2020-03-20,49.34531021118164,-0.06233766516183459
809,2020-03-23,48.88642120361328,-0.009299546514237478
810,2020-03-24,53.63153839111328,0.09706411454699172
811,2020-03-25,54.65671920776367,0.019115260300276216
812,2020-03-26,58.0544548034668,0.06216501182201384
813,2020-03-27,59.29443359375,0.02135889131128588
814,2020-03-30,61.04212188720703,0.02947474471939726
815,2020-03-31,62.79766464233398,0.028759530318602344
816,2020-04-01,59.521949768066406,-0.05216300467421053
817,2020-04-02,60.89501190185547,0.023068164587002785
818,2020-04-03,58.92369842529297,-0.032372330918329806
819,2020-04-06,62.73882675170898,0.06474692574250174
820,2020-04-07,63.82746505737305,0.017351907296137226
821,2020-04-08,68.29970550537111,0.07006764946685662
822,2020-04-09,70.00620269775389,0.02498542533611059
823,2020-04-13,68.54489135742189,-0.02087402664362603
824,2020-04-14,69.44718170166016,0.013163495139752124
825,2020-04-15,68.41739654541016,-0.014828321769397081
826,2020-04-16,68.70181274414061,0.004157074268993588
827,2020-04-17,70.08467864990234,0.020128521366849617
828,2020-04-20,68.19181060791016,-0.02700830022275957
829,2020-04-21,66.09300231933594,-0.030778010876437386
830,2020-04-22,66.41665649414061,0.004896950712586889
831,2020-04-23,66.77953338623047,0.005463642875817909
832,2020-04-24,66.75991821289061,-0.0002937303144424641
833,2020-04-27,68.63316345214844,0.028059429810627368
834,2020-04-28,66.1224365234375,-0.03658183307347385
835,2020-04-29,67.87796783447266,0.026549706927585737
836,2020-04-30,64.97494506835939,-0.042768262791729184
837,2020-05-01,63.72938919067383,-0.019169787313788825
838,2020-05-04,63.4155502319336,-0.004924556201240882
839,2020-05-05,64.75917816162111,0.021187672814843902
840,2020-05-06,63.85688400268555,-0.013933069945447518
841,2020-05-07,63.59207534790039,-0.004146908495786028
842,2020-05-08,66.67164611816406,0.048426958129859976
843,2020-05-11,67.04433441162111,0.005589906881802832
844,2020-05-12,64.30803680419922,-0.040813256353956606
845,2020-05-13,62.39556121826172,-0.029739293577884737
846,2020-05-14,62.16999053955078,-0.003615171885735347
847,2020-05-15,63.97457504272461,0.029026616982124283
848,2020-05-18,68.67238616943361,0.07343247100229466
849,2020-05-19,70.7515869140625,0.030277100601964424
850,2020-05-20,70.6044692993164,-0.0020793542754706795
851,2020-05-21,71.81079864501953,0.01708573632342003
852,2020-05-22,71.76175689697266,-0.0006829299906453423
853,2020-05-26,73.5271224975586,0.024600367618095698
854,2020-05-27,73.2426986694336,-0.0038682844977979687
855,2020-05-28,73.05636596679688,-0.0025440447446877235
856,2020-05-29,71.84021759033203,-0.0166467132654472
857,2020-06-01,72.63462829589844,0.011058021985631106
858,2020-06-02,72.42867279052734,-0.0028355002318187768
859,2020-06-03,72.26194763183594,-0.002301922046446969
860,2020-06-04,70.21216583251953,-0.02836599159712305
861,2020-06-05,71.83041381835938,0.02304797134017944
862,2020-06-08,73.12500762939453,0.01802292012835749
863,2020-06-09,71.34004211425781,-0.02440978227562196
864,2020-06-10,70.29062652587889,-0.014710050026297772
865,2020-06-11,65.22013092041016,-0.07213615607198964
866,2020-06-12,64.72976684570311,-0.007518599974990049
867,2020-06-15,65.24954986572266,0.00803004622677772
868,2020-06-16,65.92627716064453,0.010371371087072756
869,2020-06-17,64.33744812011719,-0.02410008738481917
870,2020-06-18,63.97457504272461,-0.005640153409801063
871,2020-06-19,63.00362777709961,-0.015177080347568815
872,2020-06-22,62.51325225830078,-0.007783290202490023
873,2020-06-23,61.95421981811523,-0.008942622883795437
874,2020-06-24,59.71810531616211,-0.03609301365617845
875,2020-06-25,59.365028381347656,-0.005912393451620424
876,2020-06-26,58.16851806640625,-0.02015513758799692
877,2020-06-29,59.51214599609375,0.023098885348146414
878,2020-06-30,61.0196533203125,0.025331086604030384
879,2020-07-01,61.80789566040039,0.012917843632282544
880,2020-07-02,61.23641967773438,-0.009246002902379093
881,2020-07-06,62.02466201782226,0.012872116695197278
882,2020-07-07,61.14774703979492,-0.014138166166473676
883,2020-07-08,60.5368537902832,-0.00999044574960628
884,2020-07-09,59.40376663208008,-0.01871731164173906
885,2020-07-10,60.3989143371582,0.0167522660851056
886,2020-07-13,59.95552444458008,-0.007341024212836666
887,2020-07-14,61.85716247558594,0.031717478057649906
888,2020-07-15,64.25144195556639,0.03870658439797392
889,2020-07-16,64.39923858642578,0.0023002850420321685
890,2020-07-17,64.04452514648439,-0.005508037792486542
891,2020-07-20,62.61584091186523,-0.022307671598023937
892,2020-07-21,64.50761413574219,0.030212374318181245
893,2020-07-22,64.91159057617189,0.006262461351920656
894,2020-07-23,65.67027282714844,0.011687931912348626
895,2020-07-24,65.06923675537111,-0.009152330969589895
896,2020-07-27,65.79835510253906,0.01120526970231861
897,2020-07-28,67.99558258056639,0.03339334964534002
898,2020-07-29,68.69513702392578,0.010288233688276804
899,2020-07-30,67.67042541503906,-0.014916799838827322
900,2020-07-31,67.07925415039061,-0.008736035883070814
901,2020-08-03,67.17778015136719,0.0014687998879010509
902,2020-08-04,67.02999114990234,-0.0021999685183380358
903,2020-08-05,67.11865997314453,0.0013228231381365865
904,2020-08-06,67.06939697265625,-0.0007339687727375699
905,2020-08-07,66.61616516113281,-0.006757654488949938
906,2020-08-10,66.20233917236328,-0.006212095634273718
907,2020-08-11,64.87217712402344,-0.02009237233863681
908,2020-08-12,64.23172760009766,-0.009872483895543738
909,2020-08-13,63.17746353149414,-0.016413447185591682
910,2020-08-14,62.25127792358398,-0.01466006319561175
911,2020-08-17,61.69950866699219,-0.008863581198591762
912,2020-08-18,61.88671875,0.003034223238603584
913,2020-08-19,61.31524276733398,-0.009234226570883129
914,2020-08-20,60.783180236816406,-0.008677492031410994
915,2020-08-21,60.74376678466797,-0.0006484269496080941
916,2020-08-24,60.83244323730469,0.0014598444800282273
917,2020-08-25,60.79303359985352,-0.0006478391357294111
918,2020-08-26,60.891563415527344,0.0016207418817484331
919,2020-08-27,64.18246459960939,0.05404527326100594
920,2020-08-28,65.18748474121094,0.015658796337460368
921,2020-08-31,64.28099060058594,-0.013905953638550515
922,2020-09-01,64.59629058837889,0.004905026895930975
923,2020-09-02,66.07424163818361,0.022879813010046268
924,2020-09-03,65.17762756347656,-0.013569797435085571
925,2020-09-04,65.16776275634766,-0.00015135265731014425
926,2020-09-08,63.94599914550781,-0.01874797536640671
927,2020-09-09,62.77349090576172,-0.018335912416945318
928,2020-09-10,62.625694274902344,-0.00235444339205626
929,2020-09-11,62.98040390014648,0.005663963160026597
930,2020-09-14,64.06423187255861,0.01720897144658684
931,2020-09-15,63.78834915161133,-0.004306345567306358
932,2020-09-16,64.05437469482422,0.004170440946521525
933,2020-09-17,64.28099060058594,0.0035378677387982727
934,2020-09-18,63.99525451660156,-0.004445110153323828
935,2020-09-21,62.63554763793945,-0.02124699540509489
936,2020-09-22,61.06891632080078,-0.0250118563055356
937,2020-09-23,60.44818115234375,-0.010164502759411165
938,2020-09-24,60.3989143371582,-0.0008150256012068312
939,2020-09-25,61.66010284423828,0.02088097974807757
940,2020-09-28,62.1330451965332,0.0076701518563735424
941,2020-09-29,62.05421829223633,-0.0012686792357841092
942,2020-09-30,64.31073760986328,0.03636367324780676
943,2020-10-01,65.1519775390625,0.013080862706046805
944,2020-10-02,64.77589416503906,-0.005772401517635473
945,2020-10-05,65.44889068603516,0.010389613754792748
946,2020-10-06,64.65713500976561,-0.012097312390941473
947,2020-10-07,65.1519775390625,0.007653332137623314
948,2020-10-08,66.16146850585939,0.01549440254812895
949,2020-10-09,66.33961486816406,0.0026925998821942802
950,2020-10-12,66.58705139160156,0.0037298456424450506
951,2020-10-13,65.98332977294922,-0.00906665193960654
952,2020-10-14,66.60684204101561,0.00944954233458528
953,2020-10-15,67.40850067138672,0.012035679906239329
954,2020-10-16,67.35901641845703,-0.0007340951428502772
955,2020-10-19,65.23116302490234,-0.031589733738624386
956,2020-10-20,65.82498168945311,0.009103297212776472
957,2020-10-21,65.4093017578125,-0.006314926658114285
958,2020-10-22,66.82457733154297,0.02163722185830297
959,2020-10-23,66.69591522216797,-0.001925371091187844
960,2020-10-26,64.756103515625,-0.029084415441055774
961,2020-10-27,64.34043121337889,-0.00641904437850882
962,2020-10-28,63.14289093017578,-0.018612562281896783
963,2020-10-29,62.6678352355957,-0.007523502449474528
964,2020-10-30,60.67853546142578,-0.031743553398506215
965,2020-11-02,62.40061569213867,0.028380385545192288
966,2020-11-03,62.68762588500977,0.004599476939251668
967,2020-11-04,63.59815216064453,0.014524816704734931
968,2020-11-05,65.08270263671875,0.02334266681717967
969,2020-11-06,64.17217254638672,-0.013990354632542943
970,2020-11-09,70.14007568359375,0.09299830285304966
971,2020-11-10,71.29802703857422,0.016509126112211003
972,2020-11-11,69.37800598144531,-0.026929511753391425
973,2020-11-12,68.62583160400389,-0.010841683424031913
974,2020-11-13,71.27822875976562,0.038650127710903925
975,2020-11-16,72.95082092285156,0.023465680786249662
976,2020-11-17,76.40487670898438,0.04734773018915872
977,2020-11-18,76.25642395019531,-0.0019429749144743715
978,2020-11-19,78.00819396972656,0.02297209767763797
979,2020-11-20,78.02798461914062,0.0002536996231670141
980,2020-11-23,79.84902954101562,0.023338356498167068
981,2020-11-24,81.98678588867188,0.026772477510927702
982,2020-11-25,81.56121826171875,-0.005190685576221932
983,2020-11-27,81.00698852539062,-0.0067952606415181424
984,2020-11-30,79.75006866455078,-0.015516190438876531
985,2020-12-01,79.02758026123047,-0.00905940791548765
986,2020-12-02,79.09686279296875,0.0008766880057475834
987,2020-12-03,78.77025604248047,-0.00412919980585269
988,2020-12-04,79.0671615600586,0.0037692592673306273
989,2020-12-07,79.2947998046875,0.002879049154382418
990,2020-12-08,80.3636703491211,0.013479705441798773
991,2020-12-09,85.06475067138672,0.058497581081636614
992,2020-12-10,84.15422821044922,-0.010703875033442832
993,2020-12-11,83.5703125,-0.006938637818518001
994,2020-12-14,82.63998413085938,-0.01113228299990654
995,2020-12-15,82.88741302490234,0.0029940578600688994
996,2020-12-16,81.82843780517578,-0.01277606793456576
997,2020-12-17,82.22431182861328,0.004837853856870965
998,2020-12-18,81.27420806884766,-0.011555022336289134
999,2020-12-21,81.27420806884766,0.0
1000,2020-12-22,81.51173400878906,0.002922525430702372
1001,2020-12-23,82.10555267333984,0.007285069711395753
1002,2020-12-24,81.82843780517578,-0.003375105082923824
1003,2020-12-28,81.51173400878906,-0.003870339027377656
1004,2020-12-29,81.55131530761719,0.00048559019519633933
1005,2020-12-30,81.5018310546875,-0.0006067866930536957
1006,2020-12-31,82.11754608154297,0.007554615876572469
1007,2021-01-04,81.76995849609375,-0.004232805314275501
1008,2021-01-05,82.17713165283203,0.004979495700217829
1009,2021-01-06,85.40462493896484,0.03927483499628304
1010,2021-01-07,85.40462493896484,0.0
1011,2021-01-08,84.60023498535156,-0.009418576033653259
1012,2021-01-11,83.53764343261719,-0.012560148951339944
1013,2021-01-12,83.87528991699219,0.0040418483273034775
1014,2021-01-13,82.71338653564453,-0.013852749510583462
1015,2021-01-14,81.90899658203125,-0.009725027438776679
1016,2021-01-15,82.84249114990234,0.011396728159601022
1017,2021-01-19,82.58429718017578,-0.003116685243800377
1018,2021-01-20,86.03026580810547,0.04172668104702226
1019,2021-01-21,86.89424133300781,0.010042692728969184
1020,2021-01-22,86.80487060546875,-0.0010285000037754124
1021,2021-01-25,85.10670471191406,-0.019563025458247733
1022,2021-01-26,85.26559448242188,0.0018669477457229355
1023,2021-01-27,81.8096923828125,-0.04053102685306242
1024,2021-01-28,80.05194091796875,-0.021485858382386924
1025,2021-01-29,79.84339904785156,-0.0026050819970859784
1026,2021-02-01,80.60806274414062,0.009577043380014194
1027,2021-02-02,80.67758178710938,0.0008624328708830563
1028,2021-02-03,81.69052124023438,0.012555401769452246
1029,2021-02-04,82.74317932128906,0.012885926850179308
1030,2021-02-05,81.68058776855469,-0.012842044038558929
1031,2021-02-08,81.49190521240234,-0.002310004877621341
1032,2021-02-09,81.5018310546875,0.00012180157353403054
1033,2021-02-10,81.52169036865234,0.00024366708953471597
1034,2021-02-11,82.27642822265625,0.009258123213476964
1035,2021-02-12,81.78983306884766,-0.005914150192467882
1036,2021-02-16,80.03207397460938,-0.021491168624328427
1037,2021-02-17,79.72422790527344,-0.0038465336963978687
1038,2021-02-18,79.81361389160156,0.0011211897396401491
1039,2021-02-19,79.95264434814453,0.001741939122463343
1040,2021-02-22,78.939697265625,-0.012669338091042648
1041,2021-02-23,79.67457580566406,0.009309366079353731
1042,2021-02-24,82.08776092529297,0.03028801967537253
1043,2021-02-25,79.94270324707031,-0.02613127284802963
1044,2021-02-26,79.88312530517578,-0.0007452580344999847
1045,2021-03-01,79.38658142089844,-0.006215879541272451
1046,2021-03-02,79.84339904785156,0.005754343099007242
1047,2021-03-03,79.35679626464844,-0.006094464777376185
1048,2021-03-04,77.47986602783203,-0.023651789451743958
1049,2021-03-05,79.28727722167969,0.02332749508366994
1050,2021-03-08,80.64778900146484,0.01715926977768834
1051,2021-03-09,80.64778900146484,0.0
1052,2021-03-10,78.29419708251953,-0.029183588888004874
1053,2021-03-11,78.5226058959961,0.002917314717920005
1054,2021-03-12,79.4461669921875,0.011761722444803668
1055,2021-03-15,81.17411804199219,0.02174996120296924
1056,2021-03-16,78.94962310791016,-0.027403992648633132
1057,2021-03-17,79.19789123535156,0.0031446398053358578
1058,2021-03-18,79.76395416259766,0.0071474494890770846
1059,2021-03-19,80.03207397460938,0.00336141575259874
1060,2021-03-22,78.89997100830078,-0.014145615752351516
1061,2021-03-23,79.28727722167969,0.00490882580093932
1062,2021-03-24,81.62100982666016,0.029433885066523
1063,2021-03-25,81.95864868164062,0.004136665984622256
1064,2021-03-26,82.62400817871094,0.008118234106748501
1065,2021-03-29,81.42239379882812,-0.01454316253072341
1066,2021-03-30,82.22679138183594,0.009879316309408193
1067,2021-03-31,81.6089859008789,-0.007513432916142038
1068,2021-04-01,82.27660369873047,0.008180689791470241
1069,2021-04-05,80.58264923095703,-0.020588531752916528
1070,2021-04-06,80.26378631591797,-0.003956967387919619
1071,2021-04-07,81.19048309326172,0.01154563994397506
1072,2021-04-08,81.5990219116211,0.005031855986003864
1073,2021-04-09,81.34990692138672,-0.0030529163756912725
1074,2021-04-12,80.88157653808594,-0.005756987328250474
1075,2021-04-13,80.6324691772461,-0.0030799023894216852
1076,2021-04-14,80.66236114501953,0.00037071874492311535
1077,2021-04-15,82.36628723144531,0.02112417814502554
1078,2021-04-16,84.62821960449219,0.02746187122276078
1079,2021-04-19,84.85740661621094,0.002708162983811491
1080,2021-04-20,84.83747100830078,-0.00023493067612023746
1081,2021-04-21,87.07947540283203,0.026427053610684315
1082,2021-04-22,86.9698715209961,-0.0012586649302709365
1083,2021-04-23,88.32503509521484,0.015581988917755085
1084,2021-04-26,86.91008758544922,-0.016019778630603443
1085,2021-04-27,84.5086441040039,-0.0276313549803322
1086,2021-04-28,85.49513244628906,0.01167322411505145
1087,2021-04-29,85.63463592529297,0.0016317125316058778
1088,2021-04-30,84.5584716796875,-0.01256692731833775
1089,2021-05-03,84.13996124267578,-0.004949361414632203
1090,2021-05-04,85.15633392333984,0.01207954776366793
1091,2021-05-05,84.37911224365234,-0.009126997885878674
1092,2021-05-06,85.10652160644531,0.008620727849002474
1093,2021-05-07,85.05669403076172,-0.0005854730606194014
1094,2021-05-10,86.2723617553711,0.014292440335968324
1095,2021-05-11,87.0495834350586,0.009008930135601778
1096,2021-05-12,86.81044006347656,-0.002747208684352187
1097,2021-05-13,87.57770538330078,0.008838399151797738
1098,2021-05-14,86.05313873291016,-0.017408159345098873
1099,2021-05-17,86.50154113769531,0.005210761761716753
1100,2021-05-18,85.19619750976562,-0.015090408919441243
1101,2021-05-19,85.36559295654297,0.0019882982072987328
1102,2021-05-20,85.70438385009766,0.0039687054446766465
1103,2021-05-21,85.96345520019531,0.003022848289193636
1104,2021-05-24,86.33214569091797,0.004288921261529578
1105,2021-05-25,85.873779296875,-0.0053093362892193685
1106,2021-05-26,85.7342758178711,-0.001624517753220478
1107,2021-05-27,84.74779510498047,-0.011506258185305596
1108,2021-05-28,85.48516845703125,0.008700796889610674
1109,2021-06-01,85.58480834960938,0.0011655810519717313
1110,2021-06-02,83.37269592285156,-0.025847022028973262
1111,2021-06-03,82.47589111328125,-0.010756576834221154
1112,2021-06-04,81.65880584716797,-0.009906958931683585
1113,2021-06-07,81.40969848632812,-0.003050587848493325
1114,2021-06-08,82.44599914550781,0.01272944966567735
1115,2021-06-09,82.4958267211914,0.0006043662057590992
1116,2021-06-10,82.95419311523438,0.005556237354794824
1117,2021-06-11,83.58194732666016,0.00756748017009512
1118,2021-06-14,82.44599914550781,-0.013590831722462228
1119,2021-06-15,82.36628723144531,-0.0009668378682853307
1120,2021-06-16,80.35346221923828,-0.02443748625637443
1121,2021-06-17,80.4232177734375,0.0008681088813435878
1122,2021-06-18,79.40684509277344,-0.012637801729437292
1123,2021-06-21,81.3399429321289,0.024344221673798568
1124,2021-06-22,80.44314575195312,-0.011025298861152109
1125,2021-06-23,79.85523986816406,-0.007308340297902727
1126,2021-06-24,79.6758804321289,-0.0022460571946345547
1127,2021-06-25,80.8317642211914,0.014507323706916875
1128,2021-06-28,80.074462890625,-0.0093688581198611
1129,2021-06-29,78.52000427246094,-0.019412663688888162
1130,2021-06-30,78.02999877929688,-0.00624051791265534
1131,2021-07-01,79.76000213623047,0.022171003255130103
1132,2021-07-02,81.44000244140625,0.02106319283074165
1133,2021-07-06,80.80000305175781,-0.00785853843888207
1134,2021-07-07,81.33999633789062,0.006683084972000764
1135,2021-07-08,81.02999877929688,-0.0038111331761806477
1136,2021-07-09,81.37999725341797,0.0043193691150655855
1137,2021-07-12,81.33000183105469,-0.0006143453434582781
1138,2021-07-13,80.19999694824219,-0.013894071773905005
1139,2021-07-14,79.69000244140625,-0.006359033993044494
1140,2021-07-15,79.88999938964844,0.002509686812837586
1141,2021-07-16,79.5999984741211,-0.003630002725534154
1142,2021-07-19,78.01000213623047,-0.019974828748364204
1143,2021-07-20,79.95999908447266,0.02499675547805857
1144,2021-07-21,79.97000122070312,0.00012508924893683826
1145,2021-07-22,78.9000015258789,-0.01338001348619722
1146,2021-07-23,79.56999969482422,0.00849173835219208
1147,2021-07-26,80.4000015258789,0.010431090036923552
1148,2021-07-27,81.0999984741211,0.008706429539268923
1149,2021-07-28,80.9800033569336,-0.0014795945677581466
1150,2021-07-29,82.87000274658203,0.023339087568543748
1151,2021-07-30,83.25,0.004585462058931178
1152,2021-08-02,84.16000366210938,0.01093097492023265
1153,2021-08-03,83.9800033569336,-0.0021387868030335877
1154,2021-08-04,83.33000183105469,-0.007739955940657128
1155,2021-08-05,80.94999694824219,-0.028561200414201182
1156,2021-08-06,80.7699966430664,-0.002223598665369586
1157,2021-08-09,80.83000183105469,0.0007429143305954787
1158,2021-08-10,79.52999877929688,-0.016083174839894077
1159,2021-08-11,78.29000091552734,-0.01559157403246847
1160,2021-08-12,78.0199966430664,-0.003448770843064164
1161,2021-08-13,78.80999755859375,0.01012562098844372
1162,2021-08-16,78.9000015258789,0.0011420374327284488
1163,2021-08-17,78.69000244140625,-0.0026615853030595997
1164,2021-08-18,77.19999694824219,-0.018935130854437883
1165,2021-08-19,77.02999877929688,-0.002202048907583354
