,Date,Adj Close,daily_return
0,2017-01-03,34.34999847412109,
1,2017-01-04,35.88999938964844,0.044832634175735686
2,2017-01-05,35.38999938964844,-0.01393145746734703
3,2017-01-06,36.04999923706055,0.01864933198063734
4,2017-01-09,35.7400016784668,-0.008599100281673877
5,2017-01-10,35.459999084472656,-0.007834431472980019
6,2017-01-11,33.61999893188477,-0.05188945854749305
7,2017-01-12,33.900001525878906,0.008328453387563384
8,2017-01-13,33.990001678466804,0.0026548716382561732
9,2017-01-17,33.470001220703125,-0.015298629952498866
10,2017-01-18,33.630001068115234,0.0047803956252365784
11,2017-01-19,32.84000015258789,-0.02349095719406169
12,2017-01-20,32.220001220703125,-0.018879382734592
13,2017-01-23,33.22999954223633,0.03134693616598083
14,2017-01-24,33.040000915527344,-0.005717683699257625
15,2017-01-25,33.68000030517578,0.019370441038567558
16,2017-01-26,33.40999984741211,-0.00801664059730367
17,2017-01-27,33.18000030517578,-0.006884152747284268
18,2017-01-30,32.490001678466804,-0.020795618455776262
19,2017-01-31,33.125,0.019544422552432383
20,2017-02-01,32.799999237060554,-0.009811343786851223
21,2017-02-02,33.310001373291016,0.015548845978453853
22,2017-02-03,33.439998626708984,0.0039026492962621617
23,2017-02-06,32.939998626708984,-0.014952153724092644
24,2017-02-07,32.200000762939446,-0.022465024123271227
25,2017-02-08,31.170000076293945,-0.03198759820623909
26,2017-02-09,30.11000061035156,-0.03400704085171169
27,2017-02-10,29.93000030517578,-0.005978090386152157
28,2017-02-13,29.790000915527344,-0.0046775605820568176
29,2017-02-14,29.32999992370605,-0.015441456115616538
30,2017-02-15,29.13999938964844,-0.0064780270900730574
31,2017-02-16,29.020000457763672,-0.00411801422094049
32,2017-02-17,29.170000076293945,0.005168835843010644
33,2017-02-21,28.540000915527344,-0.021597502883745068
34,2017-02-22,28.18000030517578,-0.012613896243980238
35,2017-02-23,27.96999931335449,-0.00745212879868995
36,2017-02-24,27.71999931335449,-0.00893814823515693
37,2017-02-27,28.8799991607666,0.04184703737901141
38,2017-02-28,28.81999969482422,-0.00207754389494208
39,2017-03-01,29.15999984741211,0.011797368361837757
40,2017-03-02,28.8700008392334,-0.009945096354465388
41,2017-03-03,28.75,-0.00415659285573422
42,2017-03-06,28.6200008392334,-0.0045217099397079075
43,2017-03-07,28.32999992370605,-0.010132805975665904
44,2017-03-08,29.0,0.023649843914517854
45,2017-03-09,28.61000061035156,-0.013448254815463523
46,2017-03-10,29.31999969482422,0.024816465198388427
47,2017-03-13,29.45000076293945,0.004433870036437249
48,2017-03-14,28.68000030517578,-0.02614602505316921
49,2017-03-15,28.920000076293945,0.008368192767238325
50,2017-03-16,28.78000068664551,-0.004840919407991029
51,2017-03-17,28.56999969482422,-0.0072967681310285295
52,2017-03-20,29.20000076293945,0.022051140176573503
53,2017-03-21,28.5,-0.023972628241430986
54,2017-03-22,29.1299991607666,0.022105233711108733
55,2017-03-23,30.6200008392334,0.05115007625793511
56,2017-03-24,30.79999923706055,0.005878458291761922
57,2017-03-27,31.3799991607666,0.018831166820554968
58,2017-03-28,31.25,-0.004142739459634393
59,2017-03-29,31.70000076293945,0.014400024414062297
60,2017-03-30,31.309999465942386,-0.012302879735353713
61,2017-03-31,30.79999923706055,-0.016288733234779862
62,2017-04-03,30.78000068664551,-0.000649303600987583
63,2017-04-04,30.959999084472656,0.005847901033518843
64,2017-04-05,29.729999542236328,-0.03972866855972257
65,2017-04-06,29.75,0.0006727365648040441
66,2017-04-07,29.79999923706055,0.001680646623884119
67,2017-04-10,30.11000061035156,0.010402730913680049
68,2017-04-11,29.81999969482422,-0.009631381921249129
69,2017-04-12,29.45000076293945,-0.012407744321640268
70,2017-04-13,30.690000534057607,0.04210525429522583
71,2017-04-17,30.95000076293945,0.008471822233867776
72,2017-04-18,30.38999938964844,-0.01809374344060022
73,2017-04-19,30.84499931335449,0.014972028063318543
74,2017-04-20,30.81999969482422,-0.0008104917843018145
75,2017-04-21,30.6299991607666,-0.006164845423068721
76,2017-04-24,31.03000068664551,0.013059142567371174
77,2017-04-25,31.309999465942386,0.009023486081241929
78,2017-04-26,31.84000015258789,0.016927521420816882
79,2017-04-27,31.059999465942386,-0.02449750888528524
80,2017-04-28,31.75,0.022215085187435646
81,2017-05-01,32.130001068115234,0.011968537578432636
82,2017-05-02,31.60000038146973,-0.01649550790620602
83,2017-05-03,31.01000022888184,-0.018670890679288288
84,2017-05-04,31.03000068664551,0.0006449679979376732
85,2017-05-05,30.84000015258789,-0.006123123746477721
86,2017-05-08,30.809999465942386,-0.0009727849058712713
87,2017-05-09,33.709999084472656,0.0941252732488993
88,2017-05-10,33.560001373291016,-0.004449650408051564
89,2017-05-11,33.330001831054695,-0.006853382980471778
90,2017-05-12,33.310001373291016,-0.0006000737073180717
91,2017-05-15,32.81999969482422,-0.014710346990849832
92,2017-05-16,32.56999969482422,-0.007617306591243711
93,2017-05-17,32.060001373291016,-0.01565853012931551
94,2017-05-18,32.049999237060554,-0.00031198177797941984
95,2017-05-19,32.47999954223633,0.013416546502707849
96,2017-05-22,31.8700008392334,-0.01878074850985445
97,2017-05-23,31.5,-0.011609690288363894
98,2017-05-24,30.739999771118164,-0.024126991393074167
99,2017-05-25,30.36000061035156,-0.012361716447494396
100,2017-05-26,30.1299991607666,-0.00757580516999512
101,2017-05-30,30.20000076293945,0.002323319088040288
102,2017-05-31,30.07999992370605,-0.003973537622577128
103,2017-06-01,30.63999938964844,0.01861700356924056
104,2017-06-02,30.93000030517578,0.00946478202689893
105,2017-06-05,30.229999542236328,-0.022631773554244502
106,2017-06-06,29.86000061035156,-0.012239462040606995
107,2017-06-07,29.809999465942386,-0.0016745192025159339
108,2017-06-08,29.95000076293945,0.004696454193399591
109,2017-06-09,29.739999771118164,-0.0070117190808604
110,2017-06-12,31.149999618530273,0.04741088965244122
111,2017-06-13,32.06999969482422,0.029534513244316773
112,2017-06-14,32.110000610351555,0.0012473001530397545
113,2017-06-15,32.65999984741211,0.01712859628172181
114,2017-06-16,33.939998626708984,0.039191634576762
115,2017-06-19,34.439998626708984,0.014731880383946903
116,2017-06-20,34.759998321533196,0.009291512996055795
117,2017-06-21,35.34000015258789,0.0166858992825496
118,2017-06-22,37.11000061035156,0.05008490238034291
119,2017-06-23,37.540000915527344,0.011587181301631055
120,2017-06-26,37.5099983215332,-0.0007992166558986602
121,2017-06-27,35.959999084472656,-0.0413222955590149
122,2017-06-28,37.04999923706055,0.03031146218962366
123,2017-06-29,36.310001373291016,-0.019972952199937555
124,2017-06-30,35.97999954223633,-0.009088455482610612
125,2017-07-03,37.93999862670898,0.054474683418821
126,2017-07-05,37.88999938964844,-0.0013178502601562947
127,2017-07-06,37.38000106811523,-0.013459971753721931
128,2017-07-07,35.709999084472656,-0.04467634927563091
129,2017-07-10,33.419998168945305,-0.06412772260537758
130,2017-07-11,36.18999862670898,0.08288451853769474
131,2017-07-12,35.72999954223633,-0.012710668746286123
132,2017-07-13,36.47000122070313,0.020710934451371843
133,2017-07-14,37.27000045776367,0.021935816020932863
134,2017-07-17,36.08000183105469,-0.031929128309444284
135,2017-07-18,36.08000183105469,0.0
136,2017-07-19,37.02000045776367,0.026053175693020902
137,2017-07-20,36.41999816894531,-0.016207517055622508
138,2017-07-21,37.47000122070313,0.02883039825776645
139,2017-07-24,37.77999877929688,0.008273219869084691
140,2017-07-25,37.7400016784668,-0.001058684545326205
141,2017-07-26,37.97999954223633,0.006359243590242425
142,2017-07-27,38.060001373291016,0.002106420011030341
143,2017-07-28,38.040000915527344,-0.0005254980830796674
144,2017-07-31,38.11000061035156,0.0018401601771689253
145,2017-08-01,38.5,0.010233518325961422
146,2017-08-02,39.709999084472656,0.03142854764864045
147,2017-08-03,38.81999969482422,-0.02241247570303884
148,2017-08-04,38.38999938964844,-0.011076772502734313
149,2017-08-07,38.5,0.002865345457161439
150,2017-08-08,39.22999954223633,0.018961027071073392
151,2017-08-09,39.349998474121094,0.003058856316211944
152,2017-08-10,38.900001525878906,-0.01143575516370432
153,2017-08-11,39.15999984741211,0.006683761216827565
154,2017-08-14,39.4900016784668,0.008427013083262214
155,2017-08-15,39.63000106811523,0.003545185710254639
156,2017-08-16,39.79999923706055,0.004289633216338462
157,2017-08-17,39.5099983215332,-0.007286455303680106
158,2017-08-18,37.959999084472656,-0.03923055689465282
159,2017-08-21,37.90999984741211,-0.0013171559079673267
160,2017-08-22,38.59000015258789,0.01793722785314644
161,2017-08-23,38.47000122070313,-0.003109586198763225
162,2017-08-24,39.310001373291016,0.02183519953037649
163,2017-08-25,43.09000015258789,0.09615870382200442
164,2017-08-28,44.13999938964844,0.024367584900031325
165,2017-08-29,44.52999877929688,0.008835509629388616
166,2017-08-30,42.36999893188477,-0.04850662265044448
167,2017-08-31,42.86000061035156,0.011564826311526
168,2017-09-01,42.97000122070313,0.002566509771000813
169,2017-09-05,42.66999816894531,-0.006981685902612389
170,2017-09-06,42.849998474121094,0.004218427768923228
171,2017-09-07,43.09000015258789,0.005600972859117981
172,2017-09-08,42.65999984741211,-0.0099791205303571
173,2017-09-11,42.61000061035156,-0.0011720402540877914
174,2017-09-12,42.38999938964844,-0.0051631358261393645
175,2017-09-13,43.11999893188477,0.017221032147846538
176,2017-09-14,43.099998474121094,-0.000463832519923546
177,2017-09-15,45.06000137329102,0.0454757069271543
178,2017-09-18,44.91999816894531,-0.0031070395046347565
179,2017-09-19,44.38000106811523,-0.012021307276085412
180,2017-09-20,44.63999938964844,0.0058584568561448344
181,2017-09-21,43.849998474121094,-0.017697153367581264
182,2017-09-22,42.709999084472656,-0.02599770648387201
183,2017-09-25,43.5,0.01849686098013881
184,2017-09-26,43.43000030517578,-0.0016091883867636048
185,2017-09-27,44.52999877929688,0.02532807889457933
186,2017-09-28,46.06000137329102,0.034358918390662074
187,2017-09-29,46.79999923706055,0.016065954010123562
188,2017-10-02,47.56999969482422,0.016453001502485298
189,2017-10-03,47.4900016784668,-0.0016816904954936038
190,2017-10-04,48.13000106811523,0.013476508044400148
191,2017-10-05,48.63999938964844,0.01059626657417767
192,2017-10-06,48.599998474121094,-0.0008223872538916098
193,2017-10-09,48.224998474121094,-0.007716049624974408
194,2017-10-10,48.38000106811523,0.0032141544613486506
195,2017-10-11,48.7599983215332,0.007854428380085654
196,2017-10-12,49.20500183105469,0.00912640534946374
197,2017-10-13,48.5,-0.014327848893803785
198,2017-10-16,47.9000015258789,-0.012371102559197931
199,2017-10-17,47.75,-0.003131555764102845
200,2017-10-18,47.29999923706055,-0.009424099747423087
201,2017-10-19,47.4000015258789,0.002114213328358705
202,2017-10-20,48.15999984741211,0.016033719347419817
203,2017-10-23,48.2400016784668,0.001661167593608015
204,2017-10-24,48.31999969482422,0.0016583336147173446
205,2017-10-25,48.47999954223633,0.0033112551411966784
206,2017-10-26,48.11000061035156,-0.00763199124130387
207,2017-10-27,49.6500015258789,0.03200999575950925
208,2017-10-30,49.56999969482422,-0.0016113157823969269
209,2017-10-31,49.66999816894531,0.002017318433260584
210,2017-11-01,49.209999084472656,-0.009261105323741579
211,2017-11-02,49.81000137329102,0.012192690509674977
212,2017-11-03,50.68000030517578,0.017466350289065957
213,2017-11-06,50.29999923706055,-0.007498047865568514
214,2017-11-07,48.0099983215332,-0.04552685785808308
215,2017-11-08,47.45000076293945,-0.011664186173124369
216,2017-11-09,47.72999954223633,0.005900922545728715
217,2017-11-10,47.97000122070313,0.0050283193121429814
218,2017-11-13,47.7599983215332,-0.004377796410797163
219,2017-11-14,47.40999984741211,-0.007328276516360144
220,2017-11-15,47.290000915527344,-0.0025310890586580648
221,2017-11-16,48.11999893188477,0.017551237054108437
222,2017-11-17,48.52000045776367,0.0083125838478324
223,2017-11-20,49.709999084472656,0.024525940137714253
224,2017-11-21,45.6500015258789,-0.08167365989475406
225,2017-11-22,47.68000030517578,0.04446875600094069
226,2017-11-24,47.86000061035156,0.003775174161570583
227,2017-11-27,48.47999954223633,0.012954427997869056
228,2017-11-28,48.58000183105469,0.0020627535017041514
229,2017-11-29,48.02000045776367,-0.011527405355778229
230,2017-11-30,49.65999984741211,0.03415242344886926
231,2017-12-01,49.5099983215332,-0.003020570405553924
232,2017-12-04,49.61000061035156,0.002019840278905116
233,2017-12-05,48.38000106811523,-0.024793378897473458
234,2017-12-06,47.95000076293945,-0.008887976347300321
235,2017-12-07,47.79999923706055,-0.0031282903752285485
236,2017-12-08,48.4000015258789,0.012552349338808222
237,2017-12-11,48.18999862670898,-0.004338902738621475
238,2017-12-12,48.20000076293945,0.0002075562671821629
239,2017-12-13,53.97999954223633,0.11991698522422145
240,2017-12-14,53.95000076293945,-0.0005557387838324157
241,2017-12-15,55.83000183105469,0.034847099935662706
242,2017-12-18,56.72999954223633,0.01612032387004203
243,2017-12-19,56.2599983215332,-0.008284879684393509
244,2017-12-20,57.2599983215332,0.01777461837600614
245,2017-12-21,58.04999923706055,0.013796733124078031
246,2017-12-22,58.13999938964844,0.0015503902458353649
247,2017-12-26,59.20000076293945,0.018231877956981
248,2017-12-27,59.209999084472656,0.00016889056426272475
249,2017-12-28,59.36999893188477,0.002702243706909302
250,2017-12-29,58.68000030517578,-0.011622008406983908
251,2018-01-02,57.97000122070313,-0.01209950717075958
252,2018-01-03,58.66999816894531,0.012075158418181742
253,2018-01-04,58.22000122070313,-0.007669966972665866
254,2018-01-05,58.18999862670898,-0.0005153313872395815
255,2018-01-08,57.90999984741211,-0.004811802473017268
256,2018-01-09,58.86000061035156,0.016404779234029162
257,2018-01-10,59.97999954223633,0.019028184170419404
258,2018-01-11,60.27000045776367,0.0048349602824377955
259,2018-01-12,60.97999954223633,0.011780306604945334
260,2018-01-16,62.7599983215332,0.02918987852835264
261,2018-01-17,65.77999877929689,0.0481198301231871
262,2018-01-18,66.0,0.003344500224775837
263,2018-01-19,67.31999969482422,0.019999995376124517
264,2018-01-22,70.70999908447266,0.05035649740071335
265,2018-01-23,71.5999984741211,0.012586612942608209
266,2018-01-24,72.16999816894531,0.007960889762172796
267,2018-01-25,74.22000122070312,0.028405197502691992
268,2018-01-26,78.31999969482422,0.055241153418055015
269,2018-01-29,84.19000244140625,0.07494896283777619
270,2018-01-30,83.61000061035156,-0.0068892007867364935
271,2018-01-31,84.94999694824219,0.01602674713680985
272,2018-02-01,86.23999786376953,0.015185414501112991
273,2018-02-02,87.27999877929688,0.012059380116987041
274,2018-02-05,89.37999725341797,0.02406047781269249
275,2018-02-06,92.1500015258789,0.030991321968909743
276,2018-02-07,89.05999755859375,-0.033532326816265716
277,2018-02-08,74.66000366210938,-0.16168868505762568
278,2018-02-09,73.41999816894531,-0.016608698531224153
279,2018-02-12,76.73999786376953,0.04521928326918001
280,2018-02-13,78.6500015258789,0.0248892847964377
281,2018-02-14,79.68000030517578,0.013095979139402305
282,2018-02-15,81.33999633789062,0.020833283463316032
283,2018-02-16,81.58000183105469,0.00295064548770152
284,2018-02-20,77.95999908447266,-0.04437365365691892
285,2018-02-21,79.33999633789062,0.017701350303027663
286,2018-02-22,79.41000366210938,0.0008823711551562141
287,2018-02-23,77.47000122070312,-0.024430202140035
288,2018-02-26,77.05000305175781,-0.005421429744770334
289,2018-02-27,77.8499984741211,0.010382808444872936
290,2018-02-28,78.62000274658203,0.009890870745705936
291,2018-03-01,77.93000030517578,-0.00877642352201835
292,2018-03-02,77.94999694824219,0.0002565974976016516
293,2018-03-05,79.62000274658203,0.021424064961140576
294,2018-03-06,81.0999984741211,0.01858824009652027
295,2018-03-07,81.56999969482422,0.005795329587498177
296,2018-03-08,81.37000274658203,-0.002451844415721882
297,2018-03-09,85.25,0.04768338604463107
298,2018-03-12,86.20999908447266,0.011260986328125
299,2018-03-13,86.18000030517578,-0.00034797331649982777
300,2018-03-14,84.88999938964844,-0.014968680795535703
301,2018-03-15,84.79000091552734,-0.0011779770861123364
302,2018-03-16,85.01000213623047,0.002594659963765178
303,2018-03-19,86.55999755859375,0.01823309473489232
304,2018-03-20,86.18000030517578,-0.004389986877723072
305,2018-03-21,86.69999694824219,0.006033843597412769
306,2018-03-22,83.13999938964844,-0.04106110362055704
307,2018-03-23,80.69000244140625,-0.02946833012061856
308,2018-03-26,86.9000015258789,0.07696119589266459
309,2018-03-27,81.83999633789062,-0.058227906779511514
310,2018-03-28,79.51000213623047,-0.028470116152502837
311,2018-03-29,80.91000366210938,0.017607866787378246
312,2018-04-02,81.94999694824219,0.012853704598456916
313,2018-04-03,81.8499984741211,-0.0012202376796213164
314,2018-04-04,84.63999938964844,0.034086755864869867
315,2018-04-05,85.37000274658203,0.008624803428612493
316,2018-04-06,81.8499984741211,-0.04123233172323948
317,2018-04-09,82.58999633789062,0.009040902597004852
318,2018-04-10,83.98999786376953,0.01695122397331561
319,2018-04-11,83.77999877929688,-0.002500286817643138
320,2018-04-12,84.73999786376953,0.011458571239677308
321,2018-04-13,85.9800033569336,0.014633060236295181
322,2018-04-16,85.94999694824219,-0.0003489928764812689
323,2018-04-17,89.33999633789062,0.03944153007579332
324,2018-04-18,87.43000030517578,-0.02137895803679124
325,2018-04-19,86.27999877929688,-0.013153397253400478
326,2018-04-20,87.48999786376953,0.014024097144088143
327,2018-04-23,87.94000244140625,0.005143497412554821
328,2018-04-24,87.5,-0.005003439040150326
329,2018-04-25,87.91000366210938,0.004685756138392838
330,2018-04-26,92.33999633789062,0.05039236140642611
331,2018-04-27,94.55999755859376,0.02404159961821639
332,2018-04-30,93.0500030517578,-0.015968639443971092
333,2018-05-01,95.47000122070312,0.02600750230603688
334,2018-05-02,96.81999969482422,0.01414055155399274
335,2018-05-03,98.48999786376952,0.017248483517962487
336,2018-05-04,100.12999725341795,0.01665143085815557
337,2018-05-07,103.75,0.036153029520416435
338,2018-05-08,105.56999969482422,0.01754216573324552
339,2018-05-09,99.0999984741211,-0.061286362029044576
340,2018-05-10,98.7300033569336,-0.0037335532077139577
341,2018-05-11,100.04000091552734,0.01326848489873722
342,2018-05-14,102.20999908447266,0.02169130496887584
343,2018-05-15,104.6500015258789,0.023872443628432997
344,2018-05-16,105.37999725341795,0.0069755921346883465
345,2018-05-17,106.12000274658205,0.007022257662282261
346,2018-05-18,104.41000366210938,-0.016113824351816186
347,2018-05-21,102.48999786376952,-0.018389098084445662
348,2018-05-22,100.5199966430664,-0.019221399763532543
349,2018-05-23,97.62000274658205,-0.02884992034750922
350,2018-05-24,97.68000030517578,0.0006146031233935645
351,2018-05-25,96.45999908447266,-0.012489774947702205
352,2018-05-29,97.1500015258789,0.007153249512287463
353,2018-05-30,99.33999633789062,0.0225424063573314
354,2018-05-31,99.79000091552734,0.0045299435698193955
355,2018-06-01,98.76000213623048,-0.010321663191172448
356,2018-06-04,99.19000244140624,0.004353992465316203
357,2018-06-05,97.93000030517578,-0.012702914660928322
358,2018-06-06,107.3499984741211,0.09619113795149704
359,2018-06-07,111.72000122070312,0.0407079907656962
360,2018-06-08,116.91999816894531,0.04654490593828031
361,2018-06-11,120.51000213623048,0.030704789800781063
362,2018-06-12,114.37000274658205,-0.05095012265212207
363,2018-06-13,113.43000030517578,-0.008218959682016358
364,2018-06-14,111.0,-0.0214229066264483
365,2018-06-15,115.33000183105469,0.03900902550499708
366,2018-06-18,114.0199966430664,-0.011358754592818654
367,2018-06-19,114.18000030517578,0.0014032947449582613
368,2018-06-20,115.30999755859376,0.009896630324030207
369,2018-06-21,118.98999786376952,0.03191397435687038
370,2018-06-22,119.5999984741211,0.005126486438380873
371,2018-06-25,114.13999938964844,-0.04565216684057138
372,2018-06-26,113.48999786376952,-0.005694774218983123
373,2018-06-27,112.51000213623048,-0.008635084553577976
374,2018-06-28,112.97000122070312,0.004088517249476675
375,2018-06-29,115.9000015258789,0.025936091648362414
376,2018-07-02,121.12999725341795,0.045125070394164364
377,2018-07-03,117.37999725341795,-0.03095847506835625
378,2018-07-05,121.83000183105469,0.03791109798741421
379,2018-07-06,125.3000030517578,0.02848232100919668
380,2018-07-09,126.37000274658205,0.008539502544004485
381,2018-07-10,121.22000122070312,-0.040753354545750464
382,2018-07-11,120.63999938964844,-0.0047847040522519535
383,2018-07-12,125.87000274658205,0.04335215006128701
384,2018-07-13,123.0500030517578,-0.02240406477547985
385,2018-07-16,121.0199966430664,-0.01649741047009579
386,2018-07-17,123.70999908447266,0.022227751743706392
387,2018-07-18,125.5999984741211,0.015277660687378125
388,2018-07-19,123.12999725341795,-0.019665615053427454
389,2018-07-20,122.33999633789062,-0.0064159906858554105
390,2018-07-23,115.5999984741211,-0.055092349726367014
391,2018-07-24,112.41999816894531,-0.02750865352206444
392,2018-07-25,114.3499984741211,0.017167766737332224
393,2018-07-26,118.66999816894531,0.03777874728876274
394,2018-07-27,96.0,-0.191033947238046
395,2018-07-30,97.37999725341795,0.014374971389770288
396,2018-07-31,97.5199966430664,0.0014376606448665008
397,2018-08-01,100.08999633789062,0.02635356627657281
398,2018-08-02,101.29000091552734,0.011989255885130223
399,2018-08-03,99.94000244140624,-0.013328052738857843
400,2018-08-06,100.26000213623048,0.003201918020883099
401,2018-08-07,91.76000213623048,-0.08477957130352376
402,2018-08-08,93.83999633789062,0.022667765401444658
403,2018-08-09,92.26000213623048,-0.016837108517897215
404,2018-08-10,93.9499969482422,0.018317740872326068
405,2018-08-13,86.94000244140625,-0.07461410042086336
406,2018-08-14,89.9800033569336,0.03496665321094472
407,2018-08-15,87.98999786376953,-0.022116086007133
408,2018-08-16,89.38999938964844,0.015910916693582022
409,2018-08-17,92.58000183105469,0.0356863459356469
410,2018-08-20,90.33999633789062,-0.02419534941521984
411,2018-08-21,92.2300033569336,0.020921043786341853
412,2018-08-22,91.5500030517578,-0.00737287520791008
413,2018-08-23,91.36000061035156,-0.002075395249291456
414,2018-08-24,91.5999984741211,0.002626946827563259
415,2018-08-27,91.94000244140624,0.0037118337658181844
416,2018-08-28,90.87999725341795,-0.011529314333701746
417,2018-08-29,91.16999816894531,0.0031910312972247556
418,2018-08-30,90.01000213623047,-0.012723440342351178
419,2018-08-31,90.93000030517578,0.010221065960568376
420,2018-09-04,90.9499969482422,0.00021991249311903443
421,2018-09-05,91.20999908447266,0.002858737162777736
422,2018-09-06,88.79000091552734,-0.026532158680366517
423,2018-09-07,87.91000366210938,-0.00991099498078818
424,2018-09-10,90.83000183105469,0.033215766662558766
425,2018-09-11,89.43000030517578,-0.015413426154971653
426,2018-09-12,89.16000366210938,-0.003019083553002955
427,2018-09-13,88.81999969482422,-0.0038134135634816384
428,2018-09-14,90.58000183105469,0.01981538102091473
429,2018-09-17,91.73999786376952,0.012806314962086285
430,2018-09-18,90.93000030517578,-0.008829273789569436
431,2018-09-19,92.08999633789062,0.012757022201932422
432,2018-09-20,97.68000030517578,0.060701533169516875
433,2018-09-21,92.41000366210938,-0.05395164441647904
434,2018-09-24,87.08999633789062,-0.05756960408389311
435,2018-09-25,88.36000061035156,0.014582665356117188
436,2018-09-26,85.72000122070312,-0.029877765633912312
437,2018-09-27,88.52999877929688,0.0327811189754752
438,2018-09-28,85.45999908447266,-0.034677507479443766
439,2018-10-01,84.11000061035156,-0.015796846344296008
440,2018-10-02,78.23999786376953,-0.06978959343699731
441,2018-10-03,82.20999908447266,0.05074132578090862
442,2018-10-04,80.44999694824219,-0.02140861398650573
443,2018-10-05,78.23999786376953,-0.027470468220085482
444,2018-10-08,77.4000015258789,-0.010736149806052088
445,2018-10-09,77.95999908447266,0.007235110433512216
446,2018-10-10,76.45999908447266,-0.0192406364496579
447,2018-10-11,77.0,0.007062528406922342
448,2018-10-12,74.69000244140625,-0.029999968293425324
449,2018-10-15,76.12000274658203,0.019145806111033448
450,2018-10-16,80.2699966430664,0.05451909809173938
451,2018-10-17,80.87000274658203,0.007474848992253591
452,2018-10-18,78.83999633789062,-0.025102093974854082
453,2018-10-19,78.97000122070312,0.0016489711929377204
454,2018-10-22,77.80999755859375,-0.014689168597926572
455,2018-10-23,77.13999938964844,-0.008610695154446901
456,2018-10-24,72.30999755859375,-0.06261345435922873
457,2018-10-25,75.69999694824219,0.04688147564797629
458,2018-10-26,76.98999786376953,0.017040963903992568
459,2018-10-29,72.41000366210938,-0.05948817156436681
460,2018-10-30,73.72000122070312,0.01809138920509734
461,2018-10-31,77.16000366210938,0.046663081720625055
462,2018-11-01,79.44000244140625,0.02954897189068562
463,2018-11-02,79.87999725341797,0.00553870592257666
464,2018-11-05,79.02999877929688,-0.010640942705900323
465,2018-11-06,82.33999633789062,0.0418827990601065
466,2018-11-07,84.6500015258789,0.0280544728045522
467,2018-11-08,78.20999908447266,-0.07607799557377959
468,2018-11-09,76.01000213623047,-0.028129356527239247
469,2018-11-12,76.7300033569336,0.009472453630677393
470,2018-11-13,76.97000122070312,0.003127822928054691
471,2018-11-14,75.37000274658203,-0.02078729958095327
472,2018-11-15,79.36000061035156,0.052938804807864726
473,2018-11-16,81.19999694824219,0.023185437547118992
474,2018-11-19,78.26000213623047,-0.036206834021012435
475,2018-11-20,80.06999969482422,0.02312800292853323
476,2018-11-21,78.94000244140625,-0.014112617181526118
477,2018-11-23,78.98999786376953,0.0006333344415638821
478,2018-11-26,81.91000366210938,0.036966779051897714
479,2018-11-27,80.1500015258789,-0.02148702304410499
480,2018-11-28,84.5199966430664,0.05452270784769131
481,2018-11-29,82.62000274658203,-0.022479815096398736
482,2018-11-30,79.13999938964844,-0.04212059115524003
483,2018-12-03,82.12000274658203,0.037654831689616815
484,2018-12-04,76.0199966430664,-0.0742816110508413
485,2018-12-06,74.44999694824219,-0.02065245677654759
486,2018-12-07,73.02999877929688,-0.019073179679678143
487,2018-12-10,75.0,0.026975232830780186
488,2018-12-11,74.02999877929688,-0.012933349609374978
489,2018-12-12,74.7699966430664,0.00999591889736018
490,2018-12-13,72.7699966430664,-0.026748697202000796
491,2018-12-14,73.76000213623047,0.013604583466177544
492,2018-12-17,71.94999694824219,-0.02453911517851237
493,2018-12-18,72.27999877929688,0.004586544059092645
494,2018-12-19,70.4000015258789,-0.026009923701831302
495,2018-12-20,67.12999725341797,-0.0464489233179759
496,2018-12-21,65.95999908447266,-0.017428842794802057
497,2018-12-24,65.41000366210939,-0.008338317616695345
498,2018-12-26,70.22000122070311,0.07353611510925573
499,2018-12-27,71.16999816894531,0.01352886544755738
500,2018-12-28,70.12999725341797,-0.014612911933179484
501,2018-12-31,70.83000183105469,0.0099815286617968
502,2019-01-02,72.36000061035156,0.021600998725741505
503,2019-01-03,69.08000183105469,-0.04532889374834592
504,2019-01-04,72.55000305175781,0.050231631857647015
505,2019-01-07,74.72000122070312,0.0299103801194498
506,2019-01-08,75.45999908447266,0.009903611505355459
507,2019-01-09,74.20999908447266,-0.01656506778645339
508,2019-01-10,74.58999633789062,0.005120566744454713
509,2019-01-11,75.05999755859375,0.006301129424568286
510,2019-01-14,72.81999969482422,-0.029842764943083463
511,2019-01-15,75.79000091552734,0.04078551542364561
512,2019-01-16,73.58999633789062,-0.02902763624569371
513,2019-01-17,74.5,0.012365860951141672
514,2019-01-18,76.9000015258789,0.0322147855822672
515,2019-01-22,76.91999816894531,0.0002600343650145387
516,2019-01-23,77.25,0.00429019551365406
517,2019-01-24,75.51000213623047,-0.022524244191191367
518,2019-01-25,82.23999786376953,0.08912720880867164
519,2019-01-28,78.20999908447266,-0.049002904717635916
520,2019-01-29,76.97000122070312,-0.015854722903528518
521,2019-01-30,79.0199966430664,0.026633693515024648
522,2019-01-31,79.43000030517578,0.005188606422768638
523,2019-02-01,81.86000061035156,0.03059297867102528
524,2019-02-04,82.5199966430664,0.008062497285534986
525,2019-02-05,80.80000305175781,-0.02084335508093016
526,2019-02-06,83.80000305175781,0.03712871146896246
527,2019-02-07,90.18000030517578,0.07613361600330082
528,2019-02-08,90.62999725341795,0.00498998610245449
529,2019-02-11,89.88999938964844,-0.008165043431484942
530,2019-02-12,90.41000366210938,0.005784895716895777
531,2019-02-13,95.9499969482422,0.06127633073478811
532,2019-02-14,97.0,0.010943231736882721
533,2019-02-15,103.1500015258789,0.06340207758638039
534,2019-02-19,101.22000122070312,-0.018710618290117772
535,2019-02-20,100.4499969482422,-0.007607234372404181
536,2019-02-21,98.0199966430664,-0.02419114364361674
537,2019-02-22,99.63999938964844,0.0165272679255557
538,2019-02-25,100.6500015258789,0.010136512870506877
539,2019-02-26,102.13999938964844,0.01480375401073819
540,2019-02-27,103.08000183105469,0.009203078588440938
541,2019-02-28,102.54000091552734,-0.0052386583812095155
542,2019-03-01,105.66000366210938,0.03042717689413998
543,2019-03-04,103.8499984741211,-0.017130466829970104
544,2019-03-05,103.08999633789062,-0.00731826815019032
545,2019-03-06,97.93000030517578,-0.05005331473484875
546,2019-03-07,97.88999938964844,-0.0004084643664116205
547,2019-03-08,99.3000030517578,0.014403960270720663
548,2019-03-11,102.08000183105469,0.02799595864914406
549,2019-03-12,103.0199966430664,0.00920841296189856
550,2019-03-13,101.37000274658205,-0.0160162487890686
551,2019-03-14,100.93000030517578,-0.004340558641457659
552,2019-03-15,101.23999786376952,0.0030714114500784984
553,2019-03-18,102.56999969482422,0.01313711832396902
554,2019-03-19,103.7699966430664,0.011699297570561871
555,2019-03-20,97.08000183105469,-0.06446945194595155
556,2019-03-21,99.66000366210938,0.02657603813754128
557,2019-03-22,95.41000366210938,-0.04264499140908462
558,2019-03-25,94.94000244140624,-0.004926120979594884
559,2019-03-26,96.3000030517578,0.014324842799439574
560,2019-03-27,93.87000274658205,-0.02523364722916688
561,2019-03-28,95.2699966430664,0.014914177644842262
562,2019-03-29,95.5199966430664,0.002624121011955527
563,2019-04-01,94.72000122070312,-0.00837516175123687
564,2019-04-02,95.9499969482422,0.012985596618322548
565,2019-04-03,95.4800033569336,-0.004898317939104668
566,2019-04-04,93.76000213623048,-0.01801425597225026
567,2019-04-05,93.83000183105469,0.0007465837588451762
568,2019-04-08,92.5199966430664,-0.013961474607524836
569,2019-04-09,92.4499969482422,-0.0007565898980115282
570,2019-04-10,94.83999633789062,0.02585180604155624
571,2019-04-11,91.7699966430664,-0.03237030591910395
572,2019-04-12,92.1999969482422,0.0046856306080980134
573,2019-04-15,91.5,-0.007592158041340834
574,2019-04-16,91.58999633789062,0.0009835665343238542
575,2019-04-17,85.13999938964844,-0.07042250470725088
576,2019-04-18,85.80000305175781,0.007751981052863677
577,2019-04-22,83.58999633789062,-0.025757653091620814
578,2019-04-23,89.19000244140625,0.06699373548096665
579,2019-04-24,87.2300033569336,-0.02197554693151049
580,2019-04-25,88.75,0.017425158598776802
581,2019-04-26,89.4000015258789,0.007323960854973555
582,2019-04-29,87.69999694824219,-0.019015710834687338
583,2019-04-30,87.19000244140625,-0.005815216927965494
584,2019-05-01,85.41999816894531,-0.02030054160911876
585,2019-05-02,86.38999938964844,0.011355668947506059
586,2019-05-03,88.88999938964844,0.02893853475706298
587,2019-05-06,90.88999938964844,0.02249971890800695
588,2019-05-07,87.58999633789062,-0.03630765842136918
589,2019-05-08,90.87999725341795,0.03756137747552457
590,2019-05-09,88.44000244140625,-0.026848535274575317
591,2019-05-10,87.9800033569336,-0.005201255899754398
592,2019-05-13,84.16000366210938,-0.04341895372891191
593,2019-05-14,87.25,0.03671573435638775
594,2019-05-15,89.91999816894531,0.03060169821140768
595,2019-05-16,91.56999969482422,0.01834966147106476
596,2019-05-17,90.01000213623047,-0.017036120604922544
597,2019-05-20,90.27999877929688,0.002999629337390397
598,2019-05-21,90.95999908447266,0.007532125768390241
599,2019-05-22,93.44000244140624,0.02726476893024654
600,2019-05-23,92.13999938964844,-0.013912703529443848
601,2019-05-24,94.4499969482422,0.02507051849246356
602,2019-05-28,93.2699966430664,-0.012493386376946414
603,2019-05-29,93.37999725341795,0.0011793783028910545
604,2019-05-30,91.33999633789062,-0.021846230194150662
605,2019-05-31,90.47000122070312,-0.009524799124899895
606,2019-06-03,90.75,0.0030949350670816944
607,2019-06-04,93.3000030517578,0.028099207181904173
608,2019-06-05,91.66999816894531,-0.017470576950659344
609,2019-06-06,91.33999633789062,-0.0035998891419906096
610,2019-06-07,90.68000030517578,-0.007225706800702558
611,2019-06-10,92.7300033569336,0.02260700314136188
612,2019-06-11,93.5999984741211,0.009382024001862057
613,2019-06-12,95.33999633789062,0.018589721069820486
614,2019-06-13,97.3499984741211,0.02108246500353217
615,2019-06-14,85.80999755859375,-0.11854135692251774
616,2019-06-17,89.13999938964844,0.038806688332333916
617,2019-06-18,90.94000244140624,0.02019298927622426
618,2019-06-19,90.16000366210938,-0.008577070138077292
619,2019-06-20,89.54000091552734,-0.006876693893065999
620,2019-06-21,86.5199966430664,-0.03372799018965866
621,2019-06-24,82.87999725341797,-0.04207119198888853
622,2019-06-25,82.08999633789062,-0.0095318646441529
623,2019-06-26,81.30000305175781,-0.009623502514010562
624,2019-06-27,83.83999633789062,0.031242228668992626
625,2019-06-28,84.37999725341797,0.0064408508959261646
626,2019-07-01,86.02999877929688,0.0195544154964058
627,2019-07-02,84.7300033569336,-0.015110954792622032
628,2019-07-03,88.16999816894531,0.0405994886784129
629,2019-07-05,84.94000244140625,-0.03663372796435771
630,2019-07-08,85.61000061035156,0.007887899101574503
631,2019-07-09,88.0,0.027917292052436427
632,2019-07-10,88.02999877929688,0.00034089521928271077
633,2019-07-11,86.80999755859375,-0.013858925793715282
634,2019-07-12,84.83000183105469,-0.0228083836334938
635,2019-07-15,81.79000091552734,-0.03583638865859906
636,2019-07-16,81.54000091552734,-0.003056608353118828
637,2019-07-17,81.72000122070312,0.002207509236629157
638,2019-07-18,83.43000030517578,0.020925098616364712
639,2019-07-19,82.0,-0.01714012105891205
640,2019-07-22,82.48999786376953,0.005975583704506571
641,2019-07-23,80.87999725341797,-0.019517525179361117
642,2019-07-24,81.81999969482422,0.01162218686112193
643,2019-07-25,79.98999786376953,-0.022366192103157045
644,2019-07-26,77.87000274658203,-0.026503252579129333
645,2019-07-29,76.62999725341797,-0.015924045838286438
646,2019-07-30,76.9800033569336,0.004567481613735991
647,2019-07-31,75.0199966430664,-0.02546124484795376
648,2019-08-01,74.44000244140625,-0.0077311947162524985
649,2019-08-02,71.7699966430664,-0.03586788972020083
650,2019-08-05,68.29000091552734,-0.048488169016450144
651,2019-08-06,70.83000183105469,0.03719433125603922
652,2019-08-07,72.38999938964844,0.022024530824024117
653,2019-08-08,72.9000015258789,0.007045201554503722
654,2019-08-09,73.33999633789062,0.00603559400277276
655,2019-08-12,70.81999969482422,-0.0343604686241914
656,2019-08-13,73.13999938964844,0.0327591034287138
657,2019-08-14,71.62999725341797,-0.02064536708820619
658,2019-08-15,70.33999633789061,-0.018009227488359314
659,2019-08-16,71.93000030517578,0.022604550043581195
660,2019-08-19,72.19000244140625,0.0036146550135875977
661,2019-08-20,72.3499984741211,0.0022163184278143344
662,2019-08-21,72.9800033569336,0.008707738715956427
663,2019-08-22,70.75,-0.030556361391585574
664,2019-08-23,69.91999816894531,-0.011731474643882469
665,2019-08-26,70.69999694824219,0.01115558924089477
666,2019-08-27,69.80000305175781,-0.012729758632708863
667,2019-08-28,70.75,0.013610270869726993
668,2019-08-29,71.31999969482422,0.008056532789034955
669,2019-08-30,70.55000305175781,-0.01079636352160962
670,2019-09-03,67.95999908447266,-0.03671160673636032
671,2019-09-04,69.18000030517578,0.017951754519400343
672,2019-09-05,68.73999786376953,-0.0063602549792607386
673,2019-09-06,67.05000305175781,-0.024585319530573524
674,2019-09-09,65.59999847412111,-0.02162571978583516
675,2019-09-10,67.68000030517578,0.0317073457231134
676,2019-09-11,69.91999816894531,0.033096895001021975
677,2019-09-12,69.40000152587889,-0.007437023121910968
678,2019-09-13,67.97000122070311,-0.020605191264189585
679,2019-09-16,69.88999938964844,0.028247728916628526
680,2019-09-17,68.97000122070311,-0.013163516625836258
681,2019-09-18,70.69999694824219,0.02508330719036977
682,2019-09-19,71.01000213623047,0.00438479775628875
683,2019-09-20,71.73999786376953,0.010280181743109741
684,2019-09-23,71.91000366210938,0.0023697491413741108
685,2019-09-24,71.81999969482422,-0.0012516195619745039
686,2019-09-25,71.27999877929688,-0.007518809771956292
687,2019-09-26,60.5099983215332,-0.15109428510388526
688,2019-09-27,60.27999877929688,-0.0038010171643728654
689,2019-09-30,60.08000183105469,-0.0033177994739921326
690,2019-10-01,61.4900016784668,0.023468705133815385
691,2019-10-02,63.2599983215332,0.028785112941153827
692,2019-10-03,62.52000045776367,-0.011697721836923304
693,2019-10-04,60.33000183105469,-0.0350287685648446
694,2019-10-07,60.13000106811523,-0.003315112827271816
695,2019-10-08,58.08000183105469,-0.034092785641867906
696,2019-10-09,57.95000076293945,-0.0022383103308671877
697,2019-10-10,58.27999877929688,0.005694529974337392
698,2019-10-11,59.02999877929688,0.0128689089860865
699,2019-10-14,58.2599983215332,-0.013044222830540408
700,2019-10-15,59.47999954223633,0.020940632609874443
701,2019-10-16,59.40999984741211,-0.0011768610518315679
702,2019-10-17,60.84000015258789,0.02407002708043393
703,2019-10-18,59.709999084472656,-0.018573324544397973
704,2019-10-21,60.97000122070313,0.021102029066319968
705,2019-10-22,60.7400016784668,-0.003772339472386865
706,2019-10-23,60.27000045776367,-0.007737919126033609
707,2019-10-24,59.54999923706055,-0.01194626207457372
708,2019-10-25,59.68999862670898,0.002350955355870044
709,2019-10-28,60.47999954223633,0.013235063389226642
710,2019-10-29,60.18999862670898,-0.004794988718953785
711,2019-10-30,61.11999893188477,0.015451077029317473
712,2019-10-31,60.88000106811523,-0.003926666687887437
713,2019-11-01,60.54999923706055,-0.0054205293243253525
714,2019-11-04,61.33000183105469,0.0128819587749347
715,2019-11-05,62.58000183105469,0.020381541866627773
716,2019-11-06,61.61000061035156,-0.015500178848217527
717,2019-11-07,61.59000015258789,-0.0003246300530033164
718,2019-11-08,63.5099983215332,0.031173862058589963
719,2019-11-11,61.77000045776367,-0.027397227361909412
720,2019-11-12,61.56000137329102,-0.0033996937496583173
721,2019-11-13,62.0099983215332,0.0073098917836837965
722,2019-11-14,62.040000915527344,0.00048383478158742216
723,2019-11-15,62.599998474121094,0.009026395073014726
724,2019-11-18,63.349998474121094,0.011980830962960098
725,2019-11-19,62.88000106811523,-0.007419059468452337
726,2019-11-20,61.849998474121094,-0.016380448099521768
727,2019-11-21,63.5099983215332,0.026839125115042158
728,2019-11-22,60.7400016784668,-0.04361512700791925
729,2019-11-25,62.68999862670898,0.03210399891927373
730,2019-11-26,62.56000137329102,-0.002073652197570275
731,2019-11-27,63.43000030517578,0.013906632237642436
732,2019-11-29,63.65999984741211,0.0036260372241800898
733,2019-12-02,62.04999923706055,-0.025290615994511545
734,2019-12-03,63.45000076293945,0.02256247450592608
735,2019-12-04,62.790000915527344,-0.010401888723027495
736,2019-12-05,62.97999954223633,0.003025937632404218
737,2019-12-06,64.08000183105469,0.01746589864740566
738,2019-12-09,63.72000122070313,-0.0056179868923956775
739,2019-12-10,64.68000030517578,0.015065898714401447
740,2019-12-11,64.26000213623047,-0.006493478153427046
741,2019-12-12,65.66000366210939,0.021786515395858963
742,2019-12-13,66.61000061035156,0.014468426671599309
743,2019-12-16,63.88000106811523,-0.04098482986370189
744,2019-12-17,63.7599983215332,-0.0018785651937304195
745,2019-12-18,64.04000091552734,0.004391508804346689
746,2019-12-19,63.88999938964844,-0.0023423098646854212
747,2019-12-20,63.93999862670898,0.000782583151325511
748,2019-12-23,64.55000305175781,0.00954026334298397
749,2019-12-24,65.47000122070311,0.01425248838807369
750,2019-12-26,63.54999923706055,-0.029326438794007762
751,2019-12-27,62.5099983215332,-0.01636508147935345
752,2019-12-30,61.540000915527344,-0.015517476116644224
753,2019-12-31,61.77999877929688,0.003899867731542051
754,2020-01-02,62.0,0.003561042814018922
755,2020-01-03,61.56999969482422,-0.0069354887931577505
756,2020-01-06,61.97000122070313,0.0064966952714236035
757,2020-01-07,60.90999984741211,-0.017105072654684642
758,2020-01-08,60.849998474121094,-0.0009850824731788554
759,2020-01-09,60.33000183105469,-0.008545548991057972
760,2020-01-10,58.81999969482422,-0.02502904177690912
761,2020-01-13,57.72999954223633,-0.01853111455700673
762,2020-01-14,58.68999862670898,0.016629119904466583
763,2020-01-15,58.959999084472656,0.0046004509129569104
764,2020-01-16,58.58000183105469,-0.0064450010060811405
765,2020-01-17,57.93999862670898,-0.0109252848129211
766,2020-01-21,57.959999084472656,0.0003451925826325475
767,2020-01-22,56.97999954223633,-0.016908204929541926
768,2020-01-23,56.0,-0.01719900930342944
769,2020-01-24,54.849998474121094,-0.020535741533551862
770,2020-01-27,53.349998474121094,-0.027347311608544863
771,2020-01-28,54.18999862670898,0.0157450829730641
772,2020-01-29,52.77000045776367,-0.026204063571343642
773,2020-01-30,52.56000137329102,-0.003979516442125686
774,2020-01-31,51.540000915527344,-0.019406400896366915
775,2020-02-03,52.81000137329102,0.02464106393488774
776,2020-02-04,54.290000915527344,0.02802498586915081
777,2020-02-05,55.81999969482422,0.0281819626726012
778,2020-02-06,55.61999893188477,-0.003582958868378339
779,2020-02-07,55.790000915527344,0.003056490235657128
780,2020-02-10,55.72000122070313,-0.0012546996536206836
781,2020-02-11,52.81999969482422,-0.05204597025029134
782,2020-02-12,52.80500030517578,-0.0002839717859730584
783,2020-02-13,52.47000122070313,-0.006344078828455446
784,2020-02-14,51.88999938964844,-0.011053970222242748
785,2020-02-18,53.65999984741211,0.03411062783933594
786,2020-02-19,53.349998474121094,-0.005777140778466916
787,2020-02-20,53.31999969482422,-0.0005623014087137168
788,2020-02-21,53.20000076293945,-0.0022505426213723645
789,2020-02-24,51.43000030517578,-0.03327068481917583
790,2020-02-25,50.86000061035156,-0.011083019471941458
791,2020-02-26,51.040000915527344,0.0035391329731746524
792,2020-02-27,49.81999969482422,-0.023902844804455703
793,2020-02-28,50.88000106811523,0.02127662344006653
794,2020-03-02,52.97999954223633,0.04127355404945332
795,2020-03-03,52.31000137329102,-0.012646247163727751
796,2020-03-04,54.88000106811523,0.04913017830919841
797,2020-03-05,55.5,0.011297356410675974
798,2020-03-06,54.52999877929688,-0.017477499472128292
799,2020-03-09,51.18999862670898,-0.06125069186423648
800,2020-03-10,53.209999084472656,0.039460842194860346
801,2020-03-11,52.91999816894531,-0.0054501206637300745
802,2020-03-12,49.38999938964844,-0.06670443880265209
803,2020-03-13,53.93000030517578,0.09192146126000722
804,2020-03-16,40.97999954223633,-0.2401261021631519
805,2020-03-17,43.93999862670898,0.0722303347373614
806,2020-03-18,40.22000122070313,-0.08466084484000512
807,2020-03-19,46.86000061035156,0.16509197384684593
808,2020-03-20,46.7599983215332,-0.002134065034482102
809,2020-03-23,45.93000030517578,-0.017750172073363938
810,2020-03-24,47.290000915527344,0.029610289599721677
811,2020-03-25,46.63000106811523,-0.01395643549660852
812,2020-03-26,49.72000122070313,0.06626635388822223
813,2020-03-27,47.02999877929688,-0.054103024444137504
814,2020-03-30,50.68999862670898,0.07782266515863201
815,2020-03-31,51.43000030517578,0.014598573653874512
816,2020-04-01,50.34000015258789,-0.02119385856737388
817,2020-04-02,49.97999954223633,-0.007151382782287441
818,2020-04-03,50.709999084472656,0.014605833311771566
819,2020-04-06,50.77000045776367,0.0011832256827901675
820,2020-04-07,50.91999816894531,0.002954455580642001
821,2020-04-08,52.16999816894531,0.024548311958941586
822,2020-04-09,53.040000915527344,0.016676303950877047
823,2020-04-13,52.77999877929688,-0.004902000975538168
824,2020-04-14,53.88999938964844,0.02103070549495656
825,2020-04-15,52.61999893188477,-0.023566533162878708
826,2020-04-16,53.88999938964844,0.024135318957487103
827,2020-04-17,55.0099983215332,0.02078305705269501
828,2020-04-20,55.43000030517578,0.007635011751639499
829,2020-04-21,53.15999984741211,-0.04095256080219989
830,2020-04-22,53.7400016784668,0.010910493467259252
831,2020-04-23,52.540000915527344,-0.02232974926422981
832,2020-04-24,53.599998474121094,0.020175057863017317
833,2020-04-27,54.16999816894531,0.01063432296736777
834,2020-04-28,50.06000137329102,-0.07587219742625873
835,2020-04-29,49.040000915527344,-0.02037555792613077
836,2020-04-30,46.36999893188477,-0.054445390167135566
837,2020-05-01,47.47999954223633,0.023937904591761816
838,2020-05-04,51.11999893188477,0.07666384635093437
839,2020-05-05,50.97999954223633,-0.002738642264742408
840,2020-05-06,51.66999816894531,0.0135346926815354
841,2020-05-07,50.68000030517578,-0.019160013525306045
842,2020-05-08,51.47999954223633,0.015785304503615816
843,2020-05-11,51.90999984741211,0.008352764355077147
844,2020-05-12,53.540000915527344,0.03140052153547624
845,2020-05-13,54.1500015258789,0.011393361970874594
846,2020-05-14,53.68000030517578,-0.008679616019558134
847,2020-05-15,55.20000076293945,0.0283159547153935
848,2020-05-18,57.58000183105469,0.043115960782977636
849,2020-05-19,54.38999938964844,-0.05540122160409144
850,2020-05-20,56.09000015258789,0.03125575991940521
851,2020-05-21,55.0,-0.01943305668787021
852,2020-05-22,55.29999923706055,0.005454531582919087
853,2020-05-26,54.93000030517578,-0.006690758354238824
854,2020-05-27,50.709999084472656,-0.07682507185978471
855,2020-05-28,51.599998474121094,0.017550767219811636
856,2020-05-29,51.4900016784668,-0.002131720909051227
857,2020-06-01,50.66999816894531,-0.01592549005226407
858,2020-06-02,50.40999984741211,-0.005131208425670497
859,2020-06-03,50.95000076293945,0.010712178479704182
860,2020-06-04,50.06999969482422,-0.01727185583783819
861,2020-06-05,50.72000122070313,0.012981855998415393
862,2020-06-08,51.77999877929688,0.020899004989792358
863,2020-06-09,52.18000030517578,0.007725019994377247
864,2020-06-10,51.18000030517578,-0.019164430704321167
865,2020-06-11,48.2400016784668,-0.0574442870101286
866,2020-06-12,48.52000045776367,0.0058042862677150095
867,2020-06-15,50.040000915527344,0.031327296855382825
868,2020-06-16,51.290000915527344,0.024980015530178038
869,2020-06-17,50.22000122070313,-0.02086176010381557
870,2020-06-18,49.41999816894531,-0.015929968783593318
871,2020-06-19,49.15999984741211,-0.005260994155531606
872,2020-06-22,50.47999954223633,0.02685109232956417
873,2020-06-23,51.33000183105469,0.016838397316290887
874,2020-06-24,50.47000122070313,-0.016754345990131148
875,2020-06-25,50.9000015258789,0.008519918660104597
876,2020-06-26,49.68000030517578,-0.023968589079173985
877,2020-06-29,49.040000915527344,-0.01288243530026223
878,2020-06-30,50.209999084472656,0.02385803725739444
879,2020-07-01,51.25,0.02071302398905961
880,2020-07-02,49.93999862670898,-0.02556100240567849
881,2020-07-06,50.5,0.011213483954553459
882,2020-07-07,50.459999084472656,-0.0007920973371751128
883,2020-07-08,50.31999969482422,-0.002774462786138243
884,2020-07-09,51.099998474121094,0.015500770747761015
885,2020-07-10,51.18000030517578,0.0015655936094636225
886,2020-07-13,50.02000045776367,-0.022665100439532404
887,2020-07-14,51.66999816894531,0.03298675921794292
888,2020-07-15,53.04999923706055,0.02670797594385532
889,2020-07-16,52.65999984741211,-0.007351543737176613
890,2020-07-17,53.52999877929688,0.016521058382181764
891,2020-07-20,52.849998474121094,-0.012703163098871316
892,2020-07-21,49.43000030517578,-0.06471141471498765
893,2020-07-22,49.20000076293945,-0.0046530354201159705
894,2020-07-23,48.81999969482422,-0.007723598825662536
895,2020-07-24,48.15999984741211,-0.013519046528836398
896,2020-07-27,50.31999969482422,0.04485049531261942
897,2020-07-28,48.31999969482422,-0.039745628221967484
898,2020-07-29,46.93000030517578,-0.028766543841624363
899,2020-07-30,46.9900016784668,0.0012785291476846705
900,2020-07-31,45.849998474121094,-0.0242605482788929
901,2020-08-03,47.04999923706055,0.026172318492371668
902,2020-08-04,47.68999862670898,0.013602537726383536
903,2020-08-05,46.06999969482422,-0.03396936419657337
904,2020-08-06,46.31000137329102,0.0052095003268204385
905,2020-08-07,47.15999984741211,0.018354533554631125
906,2020-08-10,48.02000045776367,0.018235806046100974
907,2020-08-11,47.36999893188477,-0.013536058302427769
908,2020-08-12,48.13000106811523,0.016043955105916163
909,2020-08-13,49.56999969482422,0.029918940260796
910,2020-08-14,48.7599983215332,-0.016340556350166624
911,2020-08-17,49.41999816894531,0.013535682324267828
912,2020-08-18,49.11000061035156,-0.006272714894363318
913,2020-08-19,48.72999954223633,-0.007737753276165438
914,2020-08-20,48.959999084472656,0.0047198757315189965
915,2020-08-21,48.56999969482422,-0.00796567395713299
916,2020-08-24,49.02000045776367,0.009264994147970107
917,2020-08-25,50.63999938964844,0.03304771352012903
918,2020-08-26,49.9000015258789,-0.014612912177893957
919,2020-08-27,49.66999816894531,-0.004609285569145749
920,2020-08-28,51.290000915527344,0.032615317219699236
921,2020-08-31,52.18999862670898,0.017547235233313696
922,2020-09-01,49.81999969482422,-0.04541097900454583
923,2020-09-02,49.7400016784668,-0.001605741004565564
924,2020-09-03,49.11999893188477,-0.012464871846806449
925,2020-09-04,48.66999816894531,-0.009161253516383085
926,2020-09-08,47.29999923706055,-0.02814873604739343
927,2020-09-09,48.90999984741211,0.0340380684211532
928,2020-09-10,46.22999954223633,-0.05479452695842901
929,2020-09-11,46.38000106811523,0.003244679371927184
930,2020-09-14,47.47000122070313,0.023501512019956428
931,2020-09-15,46.7599983215332,-0.014956875519528625
932,2020-09-16,47.36999893188477,0.01304535141676122
933,2020-09-17,46.33000183105469,-0.02195476302048349
934,2020-09-18,46.15999984741211,-0.0036693713991745596
935,2020-09-21,44.790000915527344,-0.029679353041886406
936,2020-09-22,44.540000915527344,-0.005581602922301586
937,2020-09-23,43.36000061035156,-0.026493046271231942
938,2020-09-24,43.43999862670898,0.001844972675999479
939,2020-09-25,43.68999862670898,0.0057550646386597135
940,2020-09-28,44.150001525878906,0.010528791797414172
941,2020-09-29,44.83000183105469,0.015402044885031163
942,2020-09-30,45.77999877929688,0.021191097689942758
943,2020-10-01,46.349998474121094,0.012450845566251534
944,2020-10-02,45.40999984741211,-0.02028044568833853
945,2020-10-05,46.90999984741211,0.03303237183528607
946,2020-10-06,47.040000915527344,0.0027712869012599395
947,2020-10-07,46.72999954223633,-0.006590165120270775
948,2020-10-08,46.61000061035156,-0.0025679206732348576
949,2020-10-09,46.15999984741211,-0.00965459680426417
950,2020-10-12,45.790000915527344,-0.008015574807362369
951,2020-10-13,45.86999893188477,0.0017470629997367038
952,2020-10-14,44.54999923706055,-0.028776972434300108
953,2020-10-15,44.61000061035156,0.0013468321957028626
954,2020-10-16,44.72999954223633,0.0026899558449438032
955,2020-10-19,43.5099983215332,-0.027274787238733108
956,2020-10-20,43.43000030517578,-0.0018386122602498391
957,2020-10-21,42.36999893188477,-0.02440712332126516
958,2020-10-22,43.66999816894531,0.03068206914874972
959,2020-10-23,43.849998474121094,0.004121829922671738
960,2020-10-26,43.5,-0.007981721466367886
961,2020-10-27,45.0099983215332,0.034712605092717334
962,2020-10-28,44.0099983215332,-0.022217285876271475
963,2020-10-29,43.91999816894531,-0.0020449933201622805
964,2020-10-30,43.63000106811523,-0.00660284865483296
965,2020-11-02,44.310001373291016,0.01558561284731974
966,2020-11-03,44.88000106811523,0.012863906051869156
967,2020-11-04,46.08000183105469,0.026737984277633853
968,2020-11-05,45.34000015258789,-0.016059063564708653
969,2020-11-06,44.27999877929688,-0.02337894507551086
970,2020-11-09,45.18000030517578,0.02032523827213151
971,2020-11-10,47.08000183105469,0.042054039686698415
972,2020-11-11,47.47000122070313,0.008283759016151748
973,2020-11-12,45.91999816894531,-0.03265226483882655
974,2020-11-13,45.11999893188477,-0.017421586867604973
975,2020-11-16,45.34000015258789,0.004875913694839529
976,2020-11-17,45.6500015258789,0.00683726008486385
977,2020-11-18,44.18999862670898,-0.03198253779558469
978,2020-11-19,44.150001525878906,-0.0009051165891165168
979,2020-11-20,43.56999969482422,-0.01313707386204088
980,2020-11-23,43.66999816894531,0.0022951222130251914
981,2020-11-24,42.88999938964844,-0.017861204763034544
982,2020-11-25,42.93999862670898,0.0011657551357440177
983,2020-11-27,42.900001525878906,-0.0009314648837737136
984,2020-11-30,41.20000076293945,-0.039627056001710126
985,2020-12-01,41.15999984741211,-0.0009708959899662473
986,2020-12-02,42.06999969482422,0.022108839912187817
987,2020-12-03,41.86000061035156,-0.004991658806655308
988,2020-12-04,42.66999816894531,0.0193501563971179
989,2020-12-07,42.61999893188477,-0.001171765624703669
990,2020-12-08,42.650001525878906,0.0007039557659793694
991,2020-12-09,42.5099983215332,-0.003282607252915404
992,2020-12-10,43.20000076293945,0.016231533019297473
993,2020-12-11,41.43999862670898,-0.040740789471012014
994,2020-12-14,42.5,0.025579184566087987
995,2020-12-15,42.81999969482422,0.007529404584099232
996,2020-12-16,43.0,0.00420365031430725
997,2020-12-17,43.459999084472656,0.010697653127271112
998,2020-12-18,44.06999969482422,0.014035909415596405
999,2020-12-21,43.97999954223633,-0.0020422090585686674
1000,2020-12-22,43.290000915527344,-0.015688918460454837
1001,2020-12-23,42.29999923706055,-0.022869061157993698
1002,2020-12-24,42.900001525878906,0.014184451528137963
1003,2020-12-28,41.709999084472656,-0.0277389836615366
1004,2020-12-29,41.900001525878906,0.004555321159836367
1005,2020-12-30,41.540000915527344,-0.008591899695497895
1006,2020-12-31,42.099998474121094,0.013480923116311994
1007,2021-01-04,42.099998474121094,0.0
1008,2021-01-05,41.68999862670898,-0.009738714068223686
1009,2021-01-06,43.86000061035156,0.052050900818508605
1010,2021-01-07,45.81000137329102,0.044459661099029546
1011,2021-01-08,45.61000061035156,-0.004365875506305184
1012,2021-01-11,48.56000137329102,0.06467881437102929
1013,2021-01-12,48.68999862670898,0.002677043857940653
1014,2021-01-13,46.66999816894531,-0.04148696887938685
1015,2021-01-14,48.34000015258789,0.035783202253344186
1016,2021-01-15,46.72000122070313,-0.033512596747437784
1017,2021-01-19,47.97000122070313,0.026755136287241577
1018,2021-01-20,47.29999923706055,-0.013967103743858568
1019,2021-01-21,46.81000137329102,-0.01035936303748608
1020,2021-01-22,47.66999816894531,0.01837207371126004
1021,2021-01-25,48.02999877929688,0.007551932539953344
1022,2021-01-26,48.90999984741211,0.018321904861145818
1023,2021-01-27,48.959999084472656,0.0010222702354638622
1024,2021-01-28,46.08000183105469,-0.058823474413244876
1025,2021-01-29,48.06000137329102,0.04296873835846848
1026,2021-02-01,50.06999969482422,0.04182268547853685
1027,2021-02-02,51.02999877929688,0.019173139411301054
1028,2021-02-03,52.79999923706055,0.03468548893012646
1029,2021-02-04,52.599998474121094,-0.003787893292223177
1030,2021-02-05,53.09000015258789,0.009315621533865226
1031,2021-02-08,54.95000076293945,0.035034857882947135
1032,2021-02-09,54.72999954223633,-0.004003661831639138
1033,2021-02-10,54.11999893188477,-0.01114563521749723
1034,2021-02-11,53.83000183105469,-0.005358409212000814
1035,2021-02-12,51.31999969482422,-0.046628312295216016
1036,2021-02-16,50.2400016784668,-0.021044388596641816
1037,2021-02-17,52.5099983215332,0.04518305269164325
1038,2021-02-18,51.709999084472656,-0.01523517925409046
1039,2021-02-19,52.36999893188477,0.012763485962046685
1040,2021-02-22,51.15999984741211,-0.0231048139994513
1041,2021-02-23,51.43999862670898,0.005473001957231771
1042,2021-02-24,51.72000122070313,0.0054432854095911596
1043,2021-02-25,50.58000183105469,-0.02204175101976047
1044,2021-02-26,49.31999969482422,-0.024911073361347014
1045,2021-03-01,49.72999954223633,0.008313054540735054
1046,2021-03-02,49.91999816894531,0.003820603829839397
1047,2021-03-03,49.77999877929688,-0.002804475055760758
1048,2021-03-04,49.84000015258789,0.001205330951433492
1049,2021-03-05,51.43999862670898,0.03210269801811005
1050,2021-03-08,49.88999938964844,-0.03013217881883345
1051,2021-03-09,50.91999816894531,0.020645395708515316
1052,2021-03-10,51.0,0.0015711279248136199
1053,2021-03-11,52.08000183105469,0.021176506491268343
1054,2021-03-12,52.18999862670898,0.002112073575018636
1055,2021-03-15,52.349998474121094,0.0030657185595370784
1056,2021-03-16,52.38999938964844,0.0007641053809603893
1057,2021-03-17,52.47999954223633,0.0017178880251269568
1058,2021-03-18,51.20000076293945,-0.02439022085483677
1059,2021-03-19,52.02000045776367,0.0160156188008842
1060,2021-03-22,53.15999984741211,0.02191463628636514
1061,2021-03-23,49.90999984741211,-0.061136192801516935
1062,2021-03-24,47.81999969482422,-0.041875378861502055
1063,2021-03-25,50.31999969482422,0.052279381345763376
1064,2021-03-26,50.09000015258789,-0.004570738148473863
1065,2021-03-29,49.27999877929688,-0.01617091976090079
1066,2021-03-30,48.06999969482422,-0.024553553458710686
1067,2021-03-31,49.31999969482422,0.026003744704300225
1068,2021-04-01,50.79999923706055,0.03000810120425945
1069,2021-04-05,50.56000137329102,-0.004724367467990764
1070,2021-04-06,49.68999862670898,-0.017207332336854675
1071,2021-04-07,48.63000106811523,-0.02133221146888875
1072,2021-04-08,49.31000137329102,0.013983143949006571
1073,2021-04-09,48.75,-0.01135675030815042
1074,2021-04-12,48.47999954223633,-0.005538470928485585
1075,2021-04-13,49.40999984741211,0.01918317479284526
1076,2021-04-14,50.6500015258789,0.025096168433437867
1077,2021-04-15,51.7599983215332,0.021915039727830262
1078,2021-04-16,50.68000030517578,-0.020865495583065385
1079,2021-04-19,49.86999893188477,-0.015982663149437415
1080,2021-04-20,51.099998474121094,0.024664118078613132
1081,2021-04-21,52.33000183105469,0.02407051651002523
1082,2021-04-22,52.38999938964844,0.001146523151049239
1083,2021-04-23,50.27000045776367,-0.04046571781987174
1084,2021-04-26,50.40999984741211,0.0027849490426414825
1085,2021-04-27,50.27000045776367,-0.0027772146413848064
1086,2021-04-28,50.84000015258789,0.011338764464566164
1087,2021-04-29,51.349998474121094,0.010031438237657841
1088,2021-04-30,50.7400016784668,-0.01187919793146086
1089,2021-05-03,53.11000061035156,0.046708688480208586
1090,2021-05-04,51.40999984741211,-0.03200905184339442
1091,2021-05-05,52.06999969482422,0.012837966336724849
1092,2021-05-06,51.0,-0.02054925487027759
1093,2021-05-07,48.5,-0.0490196078431373
1094,2021-05-10,47.63999938964844,-0.017731971347454856
1095,2021-05-11,49.1500015258789,0.03169609898354797
1096,2021-05-12,49.90999984741211,0.0154628341391414
1097,2021-05-13,50.29999923706055,0.007814053112417785
1098,2021-05-14,51.56999969482422,0.02524851842995557
1099,2021-05-17,49.5099983215332,-0.039945731733207035
1100,2021-05-18,48.20000076293945,-0.02645925273691629
1101,2021-05-19,48.15999984741211,-0.0008298944998793577
1102,2021-05-20,48.65999984741211,0.010382059833558444
1103,2021-05-21,49.56999969482422,0.018701188866947938
1104,2021-05-24,49.06000137329102,-0.010288447138853796
1105,2021-05-25,48.16999816894531,-0.01814111658036444
1106,2021-05-26,49.459999084472656,0.026780173646736797
1107,2021-05-27,49.5099983215332,0.0010109025067945863
1108,2021-05-28,48.65999984741211,-0.017168218601037788
1109,2021-06-01,47.18000030517578,-0.03041511604762237
1110,2021-06-02,46.16999816894531,-0.021407421146618092
1111,2021-06-03,47.43000030517578,0.0272904956941924
1112,2021-06-04,47.61999893188477,0.004005874456809888
1113,2021-06-07,48.97000122070313,0.028349481711442026
1114,2021-06-08,48.65999984741211,-0.006330434256962225
1115,2021-06-09,47.79999923706055,-0.017673666523804976
1116,2021-06-10,47.88999938964844,0.001882848410552196
1117,2021-06-11,47.13999938964844,-0.01566088973812174
1118,2021-06-14,47.63000106811523,0.010394605108424935
1119,2021-06-15,47.9000015258789,0.005668705683578468
1120,2021-06-16,47.18999862670898,-0.014822607026146573
1121,2021-06-17,46.20000076293945,-0.020978976320825682
1122,2021-06-18,45.7400016784668,-0.009956689975677556
1123,2021-06-21,46.25,0.011149941032321696
1124,2021-06-22,46.38999938964844,0.0030270138302364025
1125,2021-06-23,47.81999969482422,0.030825615951503463
1126,2021-06-24,48.13999938964844,0.0066917544304971885
1127,2021-06-25,48.40999984741211,0.005608651042520174
1128,2021-06-28,44.97999954223633,-0.07085313604600517
1129,2021-06-29,43.7599983215332,-0.0271231932663214
1130,2021-06-30,44.0099983215332,0.005712980109438881
1131,2021-07-01,44.70000076293945,0.01567831101390071
1132,2021-07-02,44.20000076293945,-0.0111856821357047
1133,2021-07-06,43.72000122070313,-0.010859717962692585
1134,2021-07-07,43.13999938964844,-0.01326628121821827
1135,2021-07-08,43.38000106811523,0.005563321322725301
1136,2021-07-09,43.47000122070313,0.002074692263068112
1137,2021-07-12,42.68000030517578,-0.018173473506853832
1138,2021-07-13,41.88000106811523,-0.01874412444564899
1139,2021-07-14,41.29999923706055,-0.013849136013901808
1140,2021-07-15,42.099998474121094,0.019370441933148186
1141,2021-07-16,41.810001373291016,-0.0068882924308973905
1142,2021-07-19,42.20000076293945,0.009327897078175608
1143,2021-07-20,42.599998474121094,0.00947861857701482
1144,2021-07-21,41.560001373291016,-0.0244130783587202
1145,2021-07-22,41.02000045776367,-0.012993284352352807
1146,2021-07-23,42.0,0.02389077355680147
1147,2021-07-26,41.29999923706055,-0.01666668483189171
1148,2021-07-27,41.459999084472656,0.003874088386629726
1149,2021-07-28,42.47999954223633,0.024602037633562723
1150,2021-07-29,42.72000122070313,0.005649757086936491
1151,2021-07-30,42.25,-0.011001900919313634
1152,2021-08-02,42.54999923706055,0.007100573658237686
1153,2021-08-03,43.099998474121094,0.01292595174905431
1154,2021-08-04,42.47999954223633,-0.014385126539088744
1155,2021-08-05,46.25,0.0887476576833599
1156,2021-08-06,44.849998474121094,-0.030270303262246667
1157,2021-08-09,45.099998474121094,0.005574136198560843
1158,2021-08-10,45.1500015258789,0.0011087151540924989
1159,2021-08-11,45.95000076293945,0.017718697896433433
1160,2021-08-12,46.18000030517578,0.005005430651087828
1161,2021-08-13,47.1500015258789,0.021004790261865747
1162,2021-08-16,48.0,0.01802753863442752
1163,2021-08-17,48.0099983215332,0.00020829836527513912
1164,2021-08-18,47.70000076293945,-0.006456937501176929
1165,2021-08-19,48.58000183105469,0.018448659413836888
