,Date,Adj Close,daily_return
0,2017-01-03,38.400001525878906,
1,2017-01-04,38.599998474121094,0.005208253653516293
2,2017-01-05,39.34000015258789,0.0191710286973954
3,2017-01-06,38.08000183105469,-0.03202842696100794
4,2017-01-09,37.59000015258789,-0.012867690517472495
5,2017-01-10,37.77000045776367,0.0047885156809022176
6,2017-01-11,37.790000915527344,0.0005295328970418289
7,2017-01-12,29.57999992370605,-0.21725326258057664
8,2017-01-13,28.70000076293945,-0.029749802671951712
9,2017-01-17,28.540000915527344,-0.0055749074271355115
10,2017-01-18,27.45000076293945,-0.03819201533363914
11,2017-01-19,27.84000015258789,0.014207627643310737
12,2017-01-20,27.78000068664551,-0.0021551532188767157
13,2017-01-23,27.46999931335449,-0.011159156430116557
14,2017-01-24,27.81999969482422,0.012741186393098179
15,2017-01-25,28.78000068664551,0.03450758455615288
16,2017-01-26,28.729999542236328,-0.001737357304247178
17,2017-01-27,28.32999992370605,-0.013922715798941554
18,2017-01-30,28.29999923706055,-0.001058972351792975
19,2017-01-31,28.809999465942386,0.018021209986958556
20,2017-02-01,27.95000076293945,-0.029850701803017413
21,2017-02-02,26.979999542236328,-0.0347048727808732
22,2017-02-03,26.18000030517578,-0.02965156599829344
23,2017-02-06,25.38999938964844,-0.03017574126502809
24,2017-02-07,25.1200008392334,-0.010634051079383757
25,2017-02-08,25.739999771118164,0.024681485317326283
26,2017-02-09,20.950000762939453,-0.18609164921413013
27,2017-02-10,21.57999992370605,0.030071557891351738
28,2017-02-13,20.729999542236328,-0.03938834033710914
29,2017-02-14,20.3700008392334,-0.017366073852025488
30,2017-02-15,20.309999465942386,-0.0029455753961210585
31,2017-02-16,21.09000015258789,0.03840476155371042
32,2017-02-17,20.88999938964844,-0.009483203484704994
33,2017-02-21,20.34000015258789,-0.02632835103542841
34,2017-02-22,20.59000015258789,0.012291052021855098
35,2017-02-23,20.190000534057614,-0.019426887594267583
36,2017-02-24,20.71999931335449,0.026250557963227502
37,2017-02-27,20.950000762939453,0.011100456428911444
38,2017-02-28,20.229999542236328,-0.034367598781991804
39,2017-03-01,20.3700008392334,0.006920479494068932
40,2017-03-02,20.770000457763672,0.01963670113159055
41,2017-03-03,20.46999931335449,-0.0144439642656361
42,2017-03-06,20.479999542236328,0.0004885309827693528
43,2017-03-07,20.299999237060547,-0.00878907759761238
44,2017-03-08,20.790000915527344,0.024138014624760732
45,2017-03-09,20.51000022888184,-0.013468045902604088
46,2017-03-10,20.709999084472656,0.009751284902921764
47,2017-03-13,20.420000076293945,-0.014002849879222734
48,2017-03-14,20.21999931335449,-0.009794356620578148
49,2017-03-15,20.68000030517578,0.022749802544131725
50,2017-03-16,20.71999931335449,0.0019341879878356227
51,2017-03-17,20.88999938964844,0.008204637158669481
52,2017-03-20,20.71999931335449,-0.008137868897123646
53,2017-03-21,20.729999542236328,0.00048263654504054904
54,2017-03-22,20.75,0.0009648074387518246
55,2017-03-23,20.690000534057614,-0.002891540527343972
56,2017-03-24,20.309999465942386,-0.018366411711285942
57,2017-03-27,20.270000457763672,-0.001969424383579499
58,2017-03-28,19.989999771118164,-0.01381355107657456
59,2017-03-29,19.989999771118164,0.0
60,2017-03-30,20.07999992370605,0.004502258810323846
61,2017-03-31,20.59000015258789,0.025398417869501252
62,2017-04-03,19.540000915527344,-0.05099559151429034
63,2017-04-04,18.790000915527344,-0.03838280270519423
64,2017-04-05,18.86000061035156,0.003725369420624736
65,2017-04-06,19.170000076293945,0.016436874650589406
66,2017-04-07,18.420000076293945,-0.03912363051721979
67,2017-04-10,18.950000762939453,0.028773109905010582
68,2017-04-11,19.170000076293945,0.011609461978742795
69,2017-04-12,18.6299991607666,-0.0281690617307363
70,2017-04-13,18.799999237060547,0.009125071602362313
71,2017-04-17,19.06999969482422,0.014361727059617024
72,2017-04-18,19.07999992370605,0.0005243958595628762
73,2017-04-19,19.13999938964844,0.003144626110183735
74,2017-04-20,19.1200008392334,-0.0010448563768428176
75,2017-04-21,19.059999465942386,-0.003138147000908753
76,2017-04-24,19.0,-0.003147925898402959
77,2017-04-25,19.25,0.013157894736842035
78,2017-04-26,19.700000762939453,0.02337666300984176
79,2017-04-27,20.020000457763672,0.016243638702096774
80,2017-04-28,19.559999465942386,-0.022977071993167675
81,2017-05-01,19.399999618530273,-0.008179951522529594
82,2017-05-02,19.600000381469727,0.010309317880007551
83,2017-05-03,19.229999542236328,-0.01887759347102902
84,2017-05-04,19.450000762939453,0.01144052136974416
85,2017-05-05,19.65999984741211,0.010796867672766108
86,2017-05-08,19.09000015258789,-0.028992863644363157
87,2017-05-09,19.770000457763672,0.03562075954638466
88,2017-05-10,20.540000915527344,0.03894792311253048
89,2017-05-11,21.489999771118164,0.0462511593596211
90,2017-05-12,21.90999984741211,0.01954397769973037
91,2017-05-15,23.04999923706055,0.05203100856174081
92,2017-05-16,22.059999465942386,-0.042950099951691516
93,2017-05-17,22.0,-0.0027198307975944136
94,2017-05-18,21.989999771118164,-0.00045455585826525974
95,2017-05-19,21.799999237060547,-0.008640315417700273
96,2017-05-22,21.690000534057614,-0.0050458122409441355
97,2017-05-23,21.790000915527344,0.004610437022014358
98,2017-05-24,21.88999938964844,0.004589190909571661
99,2017-05-25,21.11000061035156,-0.03563265422774453
100,2017-05-26,21.18000030517578,0.0033159494457757344
101,2017-05-30,20.790000915527344,-0.018413568651041712
102,2017-05-31,20.979999542236328,0.009138942681194528
103,2017-06-01,22.1299991607666,0.054814091688378135
104,2017-06-02,22.399999618530273,0.01220065377328816
105,2017-06-05,21.950000762939453,-0.02008923496670778
106,2017-06-06,22.030000686645508,0.0036446433223422674
107,2017-06-07,21.15999984741211,-0.03949163922454113
108,2017-06-08,22.76000022888184,0.07561438530281528
109,2017-06-09,23.79999923706055,0.04569415631459362
110,2017-06-12,24.03000068664551,0.009663926762939257
111,2017-06-13,24.1299991607666,0.0041614012177979545
112,2017-06-14,24.68000030517578,0.02279325170070612
113,2017-06-15,23.690000534057607,-0.04011344241801151
114,2017-06-16,23.76000022888184,0.0029548203143177076
115,2017-06-19,23.899999618530273,0.0058922301472983385
116,2017-06-20,22.96999931335449,-0.038912147281154434
117,2017-06-21,22.38999938964844,-0.02525032394619364
118,2017-06-22,22.34000015258789,-0.0022331057804166887
119,2017-06-23,22.70000076293945,0.016114619869859625
120,2017-06-26,22.95000076293945,0.011013215488880236
121,2017-06-27,23.25,0.013071861746732472
122,2017-06-28,22.989999771118164,-0.011182805543304752
123,2017-06-29,22.989999771118164,0.0
124,2017-06-30,22.51000022888184,-0.020878623184648167
125,2017-07-03,22.63999938964844,0.005775173675911516
126,2017-07-05,22.520000457763672,-0.005300306321546765
127,2017-07-06,22.54999923706055,0.0013320949683435224
128,2017-07-07,22.31999969482422,-0.01019953658616235
129,2017-07-10,22.270000457763672,-0.002240109217928943
130,2017-07-11,22.5,0.010327774472772777
131,2017-07-12,22.299999237060547,-0.008888922797309018
132,2017-07-13,22.78000068664551,0.021524729417355504
133,2017-07-14,22.93000030517578,0.006584706497318349
134,2017-07-17,23.06999969482422,0.006105511896431937
135,2017-07-18,22.6299991607666,-0.01907241178491792
136,2017-07-19,22.86000061035156,0.01016356421186737
137,2017-07-20,23.03000068664551,0.007436573567586534
138,2017-07-21,22.6200008392334,-0.017802858670771138
139,2017-07-24,22.450000762939453,-0.00751547612673331
140,2017-07-25,22.65999984741211,0.009354079168644171
141,2017-07-26,22.959999084472656,0.013239154416623268
142,2017-07-27,23.38999938964844,0.01872823703493021
143,2017-07-28,23.1299991607666,-0.011115871554785328
144,2017-07-31,23.09000015258789,-0.001729312997406307
145,2017-08-01,23.56999969482422,0.020788200046093497
146,2017-08-02,23.45000076293945,-0.0050911723987472355
147,2017-08-03,22.239999771118164,-0.05159918773792027
148,2017-08-04,22.51000022888184,0.012140308477624595
149,2017-08-07,22.3799991607666,-0.005775258409301931
150,2017-08-08,22.34000015258789,-0.001787265848018027
151,2017-08-09,22.34000015258789,0.0
152,2017-08-10,21.86000061035156,-0.02148610290769082
153,2017-08-11,23.3700008392334,0.06907594632759495
154,2017-08-14,24.29999923706055,0.039794538486531694
155,2017-08-15,23.54999923706055,-0.030864198499897744
156,2017-08-16,24.0,0.019108313270400638
157,2017-08-17,23.68000030517578,-0.01333332061767578
158,2017-08-18,23.149999618530273,-0.02238178546516589
159,2017-08-21,23.149999618530273,0.0
160,2017-08-22,22.59000015258789,-0.024190042123980682
161,2017-08-23,21.809999465942386,-0.03452858261960423
162,2017-08-24,22.059999465942386,0.011462632100949444
163,2017-08-25,22.290000915527344,0.010426176570858424
164,2017-08-28,22.32999992370605,0.0017944821236344222
165,2017-08-29,22.01000022888184,-0.014330483471452824
166,2017-08-30,20.88999938964844,-0.050885998527329335
167,2017-08-31,20.5,-0.018669191050416974
168,2017-09-01,20.5,0.0
169,2017-09-05,20.489999771118164,-0.000487816043016398
170,2017-09-06,20.899999618530273,0.020009753635528368
171,2017-09-07,21.209999084472656,0.014832510602896587
172,2017-09-08,20.489999771118164,-0.03394622085965038
173,2017-09-11,20.649999618530273,0.0078086798047523045
174,2017-09-12,21.420000076293945,0.03728815844978084
175,2017-09-13,21.68000030517578,0.012138199250969484
176,2017-09-14,22.01000022888184,0.015221398480666837
177,2017-09-15,22.649999618530273,0.029077663925174187
178,2017-09-18,22.299999237060547,-0.015452555733527997
179,2017-09-19,23.0,0.031390169815616716
180,2017-09-20,22.51000022888184,-0.02130433787470265
181,2017-09-21,22.79999923706055,0.012883118846290564
182,2017-09-22,23.1200008392334,0.01403515845968517
183,2017-09-25,23.170000076293945,0.002162596680173934
184,2017-09-26,22.989999771118164,-0.007768679524517873
185,2017-09-27,23.3799991607666,0.01696387096699259
186,2017-09-28,23.020000457763672,-0.01539772095488501
187,2017-09-29,22.940000534057607,-0.003475235539323607
188,2017-10-02,23.5,0.024411484433533248
189,2017-10-03,23.149999618530273,-0.014893633254030925
190,2017-10-04,22.46999931335449,-0.02937366377455497
191,2017-10-05,22.60000038146973,0.005785539478765367
192,2017-10-06,21.75,-0.03761063571338097
193,2017-10-09,21.670000076293945,-0.0036781574117725757
194,2017-10-10,21.190000534057614,-0.022150417191803773
195,2017-10-11,20.71999931335449,-0.02218033076250825
196,2017-10-12,21.13999938964844,0.02027027462415276
197,2017-10-13,20.8799991607666,-0.012298970500876805
198,2017-10-16,20.739999771118164,-0.006704951881008503
199,2017-10-17,20.950000762939453,0.010125409553462415
200,2017-10-18,21.479999542236328,0.025298270166865144
201,2017-10-19,21.739999771118164,0.012104293967539093
202,2017-10-20,22.020000457763672,0.012879516540634572
203,2017-10-23,21.8799991607666,-0.006357915262790503
204,2017-10-24,22.3700008392334,0.022394958741380092
205,2017-10-25,22.38999938964844,0.0008939897033874988
206,2017-10-26,21.790000915527344,-0.02679761011509874
207,2017-10-27,21.61000061035156,-0.00826068369035815
208,2017-10-30,21.520000457763672,-0.0041647454903251955
209,2017-10-31,20.90999984741211,-0.028345752666166683
210,2017-11-01,20.549999237060547,-0.017216672069756966
211,2017-11-02,19.799999237060547,-0.03649635171992738
212,2017-11-03,19.450000762939453,-0.017676691293299962
213,2017-11-06,19.239999771118164,-0.01079696573695932
214,2017-11-07,18.63999938964844,-0.03118505138292172
215,2017-11-08,18.43000030517578,-0.011266045673224643
216,2017-11-09,13.25,-0.2810634953555078
217,2017-11-10,13.279999732971193,0.002264130790278651
218,2017-11-13,13.31999969482422,0.003012045380823114
219,2017-11-14,13.68000030517578,0.027027073468435917
220,2017-11-15,14.1899995803833,0.037280647940816536
221,2017-11-16,14.210000038146973,0.0014094755711846485
222,2017-11-17,14.8100004196167,0.042223812797960385
223,2017-11-20,14.06999969482422,-0.04996628655137003
224,2017-11-21,14.40999984741211,0.024164901205574463
225,2017-11-22,14.1899995803833,-0.015267194264982463
226,2017-11-24,14.140000343322756,-0.003523554512973037
227,2017-11-27,14.130000114440918,-0.000707229748163396
228,2017-11-28,14.34000015258789,0.0148619983330609
229,2017-11-29,14.529999732971193,0.013249621922006405
230,2017-11-30,14.40999984741211,-0.008258767223978891
231,2017-12-01,13.989999771118164,-0.029146431696137287
232,2017-12-04,14.779999732971193,0.05646890455880892
233,2017-12-05,14.880000114440918,0.006765925796780925
234,2017-12-06,14.729999542236328,-0.010080683538370105
235,2017-12-07,14.970000267028807,0.016293328733942403
236,2017-12-08,14.520000457763672,-0.030060106963140987
237,2017-12-11,14.0600004196167,-0.03168044239978074
238,2017-12-12,14.229999542236328,0.012090975643389346
239,2017-12-13,14.68000030517578,0.03162338562301392
240,2017-12-14,14.579999923706055,-0.006812014944881707
241,2017-12-15,14.770000457763672,0.013031586766244718
242,2017-12-18,15.140000343322756,0.025050770080687238
243,2017-12-19,15.039999961853027,-0.0066050448614310975
244,2017-12-20,14.979999542236328,-0.003989389612292671
245,2017-12-21,15.210000038146973,0.01535383864746831
246,2017-12-22,14.75,-0.030243263444660332
247,2017-12-26,14.800000190734865,0.003389843439651763
248,2017-12-27,14.510000228881836,-0.019594591764571456
249,2017-12-28,14.760000228881836,0.01722949662691109
250,2017-12-29,14.56999969482422,-0.012872664709437376
251,2018-01-02,15.100000381469727,0.036376163194689726
252,2018-01-03,14.079999923706055,-0.06754969748314621
253,2018-01-04,14.579999923706055,0.035511363828785614
254,2018-01-05,14.59000015258789,0.0006858867581731598
255,2018-01-08,14.390000343322756,-0.013708005974877313
256,2018-01-09,14.34000015258789,-0.0034746483350895922
257,2018-01-10,14.520000457763672,0.012552322403099671
258,2018-01-11,15.039999961853027,0.03581263689363845
259,2018-01-12,15.109999656677244,0.004654235040010724
260,2018-01-16,15.210000038146973,0.0066181590828520145
261,2018-01-17,15.140000343322756,-0.0046022152957696525
262,2018-01-18,15.140000343322756,0.0
263,2018-01-19,15.489999771118164,0.02311753103425596
264,2018-01-22,15.670000076293945,0.011620420131406295
265,2018-01-23,15.630000114440918,-0.0025526459258631284
266,2018-01-24,15.729999542236328,0.006397915998926917
267,2018-01-25,15.15999984741211,-0.03623647243559813
268,2018-01-26,15.050000190734865,-0.0072559141018739845
269,2018-01-29,14.960000038146973,-0.005980076508125154
270,2018-01-30,15.010000228881836,0.003342258730439029
271,2018-01-31,15.149999618530273,0.00932707445127523
272,2018-02-01,15.199999809265135,0.003300342705864212
273,2018-02-02,15.020000457763672,-0.011842062747378757
274,2018-02-05,14.729999542236328,-0.0193076502456061
275,2018-02-06,14.890000343322756,0.010862240737187223
276,2018-02-07,15.329999923706055,0.029550004717132868
277,2018-02-08,17.120000839233402,0.116764574327187
278,2018-02-09,17.84000015258789,0.0420560325969428
279,2018-02-12,18.190000534057614,0.01961885529574681
280,2018-02-13,19.07999992370605,0.048927947417157565
281,2018-02-14,19.6200008392334,0.028301934889235488
282,2018-02-15,19.549999237060547,-0.003567869479030428
283,2018-02-16,19.940000534057614,0.019948916225927427
284,2018-02-20,19.11000061035156,-0.0416248696828474
285,2018-02-21,18.850000381469727,-0.013605453719399365
286,2018-02-22,18.420000076293945,-0.022811686815586874
287,2018-02-23,18.149999618530273,-0.014658005246761975
288,2018-02-26,18.25,0.0055096630066939776
289,2018-02-27,17.989999771118164,-0.014246587883936181
290,2018-02-28,17.229999542236328,-0.04224570531134575
291,2018-03-01,17.170000076293945,-0.003482267413606355
292,2018-03-02,15.90999984741211,-0.07338382197338933
293,2018-03-05,16.430000305175778,0.03268387572286824
294,2018-03-06,16.520000457763672,0.005477793725879643
295,2018-03-07,16.309999465942386,-0.012711924092144609
296,2018-03-08,16.15999984741211,-0.009196788684358805
297,2018-03-09,15.960000038146973,-0.012376225937722696
298,2018-03-12,16.010000228881836,0.003132844023518544
299,2018-03-13,16.059999465942386,0.003123000396361819
300,2018-03-14,16.09000015258789,0.0018680378358122414
301,2018-03-15,16.030000686645508,-0.0037289910113973423
302,2018-03-16,16.319999694824222,0.01809101657870249
303,2018-03-19,16.229999542236328,-0.005514715335223741
304,2018-03-20,16.040000915527347,-0.011706631673928049
305,2018-03-21,16.430000305175778,0.02431417502419819
306,2018-03-22,16.399999618530273,-0.0018259699384213235
307,2018-03-23,16.540000915527347,0.008536664649606784
308,2018-03-26,15.90999984741211,-0.038089542517727885
309,2018-03-27,15.949999809265135,0.002514139675465321
310,2018-03-28,16.100000381469727,0.009404424702090576
311,2018-03-29,16.319999694824222,0.013664553300738014
312,2018-04-02,16.170000076293945,-0.009191153268087835
313,2018-04-03,16.940000534057614,0.04761907570381085
314,2018-04-04,16.889999389648438,-0.0029516613242513983
315,2018-04-05,17.129999160766598,0.014209578436412018
316,2018-04-06,17.270000457763672,0.008172872379218932
317,2018-04-09,17.040000915527347,-0.0133178654394841
318,2018-04-10,17.059999465942386,0.001173623787591227
319,2018-04-11,17.309999465942386,0.014654162240689715
320,2018-04-12,17.889999389648438,0.03350664018489469
321,2018-04-13,17.899999618530273,0.0005589843053668275
322,2018-04-16,17.829999923706055,-0.003910597559552698
323,2018-04-17,18.020000457763672,0.010656227418430976
324,2018-04-18,18.26000022888184,0.013318521921278135
325,2018-04-19,17.670000076293945,-0.032311070382939566
326,2018-04-20,17.209999084472653,-0.02603288001330739
327,2018-04-23,17.129999160766598,-0.004648456011728253
328,2018-04-24,16.920000076293945,-0.012259141550550743
329,2018-04-25,17.0,0.004728127857288822
330,2018-04-26,16.709999084472653,-0.017058877383961613
331,2018-04-27,16.680000305175778,-0.0017952591825544093
332,2018-04-30,16.75,0.004196624313160369
333,2018-05-01,14.5600004196167,-0.13074624360497322
334,2018-05-02,13.949999809265135,-0.04189564510792943
335,2018-05-03,13.350000381469727,-0.043010712257996464
336,2018-05-04,13.18000030517578,-0.012734087748035859
337,2018-05-07,13.039999961853027,-0.010622180582786078
338,2018-05-08,13.449999809265135,0.031441706181864586
339,2018-05-09,13.56999969482422,0.008921924703405805
340,2018-05-10,13.65999984741211,0.006632288475453496
341,2018-05-11,13.81999969482422,0.011713019707128458
342,2018-05-14,13.890000343322756,0.005065170046621104
343,2018-05-15,13.90999984741211,0.0014398490709157663
344,2018-05-16,14.130000114440918,0.015815979111584166
345,2018-05-17,14.09000015258789,-0.002830853611398565
346,2018-05-18,13.880000114440918,-0.014904189912900878
347,2018-05-21,13.90999984741211,0.002161364029095392
348,2018-05-22,14.050000190734865,0.010064726445615513
349,2018-05-23,14.470000267028807,0.029893243458523733
350,2018-05-24,14.720000267028807,0.017277124767554275
351,2018-05-25,15.260000228881836,0.03668477935170755
352,2018-05-29,16.209999084472653,0.06225418357417856
353,2018-05-30,16.75,0.033312828255777534
354,2018-05-31,16.940000534057614,0.011343315466126214
355,2018-06-01,16.440000534057614,-0.029515937676315777
356,2018-06-04,16.450000762939453,0.0006082864085754648
357,2018-06-05,16.700000762939453,0.015197567684205325
358,2018-06-06,16.629999160766598,-0.004191712513463064
359,2018-06-07,16.65999984741211,0.0018040101118157452
360,2018-06-08,16.700000762939453,0.0024010153597664448
361,2018-06-11,16.829999923706055,0.0077843805285982
362,2018-06-12,16.899999618530273,0.004159221339366637
363,2018-06-13,16.600000381469727,-0.017751434546282918
364,2018-06-14,16.649999618530273,0.0030120021633468497
365,2018-06-15,16.790000915527347,0.008408486498778123
366,2018-06-18,16.879999160766598,0.005360228727326666
367,2018-06-19,16.979999542236328,0.005924193509568188
368,2018-06-20,17.15999984741211,0.010600724972226638
369,2018-06-21,16.610000610351562,-0.032051237875942766
370,2018-06-22,16.479999542236328,-0.007826674493570773
371,2018-06-25,16.450000762939453,-0.001820314328285777
372,2018-06-26,16.510000228881836,0.003647383778702107
373,2018-06-27,16.239999771118164,-0.016353752514875475
374,2018-06-28,15.81999969482422,-0.02586207402791274
375,2018-06-29,15.489999771118164,-0.02085966688191665
376,2018-07-02,15.890000343322756,0.025823149006781287
377,2018-07-03,15.829999923706055,-0.0037759860491075603
378,2018-07-05,16.200000762939453,0.023373394884184998
379,2018-07-06,16.579999923706055,0.02345673721423025
380,2018-07-09,16.549999237060547,-0.0018094503488274016
381,2018-07-10,16.479999542236328,-0.004229589006111145
382,2018-07-11,16.350000381469727,-0.007888298809319072
383,2018-07-12,16.020000457763672,-0.020183481101325285
384,2018-07-13,16.030000686645508,0.000624233994761747
385,2018-07-16,15.850000381469727,-0.011228964283559795
386,2018-07-17,15.65999984741211,-0.011987415109449895
387,2018-07-18,15.65999984741211,0.0
388,2018-07-19,15.729999542236328,0.004469967784564544
389,2018-07-20,15.59000015258789,-0.008900152175626452
390,2018-07-23,15.800000190734865,0.013470175502988456
391,2018-07-24,15.529999732971193,-0.017088636361029974
392,2018-07-25,15.710000038146973,0.011590489907969959
393,2018-07-26,15.890000343322756,0.011457689671464431
394,2018-07-27,15.75,-0.008810594103076053
395,2018-07-30,15.960000038146973,0.01333333575536333
396,2018-07-31,16.239999771118164,0.017543842876061918
397,2018-08-01,15.739999771118164,-0.030788177773821142
398,2018-08-02,15.899999618530273,0.01016517469750533
399,2018-08-03,15.989999771118164,0.005660387091016128
400,2018-08-06,16.110000610351562,0.007504743023833527
401,2018-08-07,16.530000686645508,0.02607076724901369
402,2018-08-08,16.469999313354492,-0.003629846993260633
403,2018-08-09,18.920000076293945,0.14875536521442956
404,2018-08-10,18.350000381469727,-0.030126833643008614
405,2018-08-13,18.670000076293945,0.01743867510473529
406,2018-08-14,18.600000381469727,-0.0037493141155955367
407,2018-08-15,18.479999542236328,-0.00645165789098312
408,2018-08-16,18.530000686645508,0.0027056896995534267
409,2018-08-17,18.489999771118164,-0.0021587109576403085
410,2018-08-20,18.170000076293945,-0.017306635953780014
411,2018-08-21,18.25,0.004402857642825664
412,2018-08-22,17.969999313354492,-0.015342503377836048
413,2018-08-23,17.90999984741211,-0.0033388685717864464
414,2018-08-24,18.010000228881836,0.005583494266985012
415,2018-08-27,18.0,-0.0005552597864934006
416,2018-08-28,18.030000686645508,0.0016667048136393971
417,2018-08-29,18.18000030517578,0.008319446079742887
418,2018-08-30,17.569999694824222,-0.03355338834498778
419,2018-08-31,18.46999931335449,0.0512236558999708
420,2018-09-04,18.450000762939453,-0.0010827585900653471
421,2018-09-05,18.479999542236328,0.0016259500301556429
422,2018-09-06,18.280000686645508,-0.010822449163687464
423,2018-09-07,18.350000381469727,0.0038293048246631494
424,2018-09-10,18.38999938964844,0.002179782416740883
425,2018-09-11,18.239999771118164,-0.008156586378937571
426,2018-09-12,17.829999923706055,-0.022478062091936923
427,2018-09-13,17.430000305175778,-0.02243407853291424
428,2018-09-14,17.540000915527347,0.006310993024991829
429,2018-09-17,17.430000305175778,-0.006271414173883549
430,2018-09-18,17.399999618530273,-0.0017212097601969625
431,2018-09-19,17.549999237060547,0.008620667920620441
432,2018-09-20,17.6299991607666,0.004558400409335528
433,2018-09-21,17.829999923706055,0.011344343304594771
434,2018-09-24,17.260000228881836,-0.031968575281168136
435,2018-09-25,17.239999771118164,-0.0011587750578475606
436,2018-09-26,17.420000076293945,0.010440853107047676
437,2018-09-27,17.850000381469727,0.0246842883635201
438,2018-09-28,17.889999389648438,0.002240840746436934
439,2018-10-01,17.459999084472653,-0.024035792054000416
440,2018-10-02,17.09000015258789,-0.021191234323362892
441,2018-10-03,16.450000762939453,-0.03744876441978995
442,2018-10-04,16.440000534057614,-0.0006079166211572229
443,2018-10-05,16.479999542236328,0.0024330296155314897
444,2018-10-08,16.209999084472653,-0.016383523377636933
445,2018-10-09,16.020000457763672,-0.011721075721156438
446,2018-10-10,15.93000030517578,-0.0056179868923958995
447,2018-10-11,15.779999732971193,-0.009416231596420577
448,2018-10-12,15.720000267028807,-0.0038022475892075533
449,2018-10-15,15.489999771118164,-0.01463107455494428
450,2018-10-16,15.880000114440918,0.02517755642901487
451,2018-10-17,15.5600004196167,-0.020151114138419857
452,2018-10-18,15.020000457763672,-0.03470436679244826
453,2018-10-19,14.770000457763672,-0.01664447352734788
454,2018-10-22,14.43000030517578,-0.02301964401153256
455,2018-10-23,14.479999542236328,0.0034649505199673136
456,2018-10-24,14.0,-0.033149140705165725
457,2018-10-25,14.020000457763672,0.0014286041259765625
458,2018-10-26,13.800000190734865,-0.01569188729284099
459,2018-10-29,13.470000267028807,-0.02391303761920349
460,2018-10-30,12.960000038146973,-0.03786193160887952
461,2018-10-31,12.5,-0.035493829999459166
462,2018-11-01,13.970000267028807,0.11760002136230452
463,2018-11-02,14.390000343322756,0.0300644286518168
464,2018-11-05,13.710000038146973,-0.0472550583010456
465,2018-11-06,14.0,0.02115244063064381
466,2018-11-07,14.050000190734865,0.0035714421953474407
467,2018-11-08,14.0,-0.003558732388333819
468,2018-11-09,13.779999732971193,-0.015714304787771916
469,2018-11-12,13.829999923706055,0.0036284609364125595
470,2018-11-13,13.720000267028807,-0.007953699008247828
471,2018-11-14,13.56999969482422,-0.010932986099501774
472,2018-11-15,13.6899995803833,0.008843027874558373
473,2018-11-16,13.3100004196167,-0.027757426765089962
474,2018-11-19,12.619999885559082,-0.051840759752394334
475,2018-11-20,12.40999984741211,-0.016640256739405612
476,2018-11-21,12.670000076293945,0.020950864792802948
477,2018-11-23,12.369999885559082,-0.02367799439055851
478,2018-11-26,12.220000267028807,-0.012126080834114372
479,2018-11-27,11.739999771118164,-0.039279908790652684
480,2018-11-28,11.770000457763672,0.0025554248066779195
481,2018-11-29,11.460000038146973,-0.0263381824604958
482,2018-11-30,11.399999618530273,-0.005235638692580702
483,2018-12-03,11.0600004196167,-0.02982449213076444
484,2018-12-04,10.670000076293944,-0.035262235852272394
485,2018-12-06,11.06999969482422,0.03748824889129798
486,2018-12-07,10.720000267028807,-0.0316169320184404
487,2018-12-10,10.43000030517578,-0.02705223457362882
488,2018-12-11,10.529999732971193,0.009587672566585548
489,2018-12-12,10.640000343322754,0.010446402007697086
490,2018-12-13,10.399999618530273,-0.02255645836920439
491,2018-12-14,10.649999618530273,0.024038462420187038
492,2018-12-17,10.850000381469727,0.018779415033167268
493,2018-12-18,10.81999969482422,-0.002765040146610831
494,2018-12-19,10.399999618530273,-0.03881701369130863
495,2018-12-20,10.220000267028807,-0.01730763058690421
496,2018-12-21,9.970000267028807,-0.024461838891192245
497,2018-12-24,10.25,0.02808422522285814
498,2018-12-26,10.520000457763672,0.02634150807450464
499,2018-12-27,10.779999732971193,0.02471475892528541
500,2018-12-28,11.220000267028807,0.040816377083187534
501,2018-12-31,11.350000381469727,0.011586462686898448
502,2019-01-02,11.710000038146973,0.031718030359275666
503,2019-01-03,11.350000381469727,-0.030742925320623064
504,2019-01-04,11.789999961853027,0.038766481550225766
505,2019-01-07,11.920000076293945,0.011026303211326471
506,2019-01-08,11.960000038146973,0.0033557014762590764
507,2019-01-09,12.210000038146973,0.020903009966773745
508,2019-01-10,12.050000190734865,-0.013104000566112162
509,2019-01-11,11.8100004196167,-0.01991699313853124
510,2019-01-14,11.970000267028807,0.013547827411279691
511,2019-01-15,11.739999771118164,-0.019214744426044542
512,2019-01-16,11.829999923706055,0.007666111954218512
513,2019-01-17,11.920000076293945,0.007607789785994745
514,2019-01-18,11.84000015258789,-0.006711402952518042
515,2019-01-22,11.40999984741211,-0.03631759287450642
516,2019-01-23,11.149999618530273,-0.022787049286491112
517,2019-01-24,11.0,-0.013452881045931895
518,2019-01-25,11.010000228881836,0.0009091117165305195
519,2019-01-28,10.579999923706056,-0.03905543108416898
520,2019-01-29,10.289999961853027,-0.02741020453159371
521,2019-01-30,10.279999732971193,-0.0009718395450832863
522,2019-01-31,9.979999542236328,-0.029182898689449344
523,2019-02-01,10.020000457763672,0.0040081079521152585
524,2019-02-04,10.25,0.02295404508271459
525,2019-02-05,10.630000114440918,0.03707318189667497
526,2019-02-06,10.56999969482422,-0.00564444204804726
527,2019-02-07,8.989999771118164,-0.14947965651122294
528,2019-02-08,8.90999984741211,-0.008898768158267067
529,2019-02-11,9.029999732971193,0.013468000854560902
530,2019-02-12,9.399999618530273,0.04097451788487905
531,2019-02-13,9.460000038146973,0.00638302362251375
532,2019-02-14,9.270000457763672,-0.02008452215825973
533,2019-02-15,9.300000190734863,0.0032362169891875237
534,2019-02-19,9.600000381469727,0.03225808436366906
535,2019-02-20,9.300000190734863,-0.03125001862645072
536,2019-02-21,9.149999618530273,-0.01612909345464619
537,2019-02-22,9.220000267028807,0.007650344417148514
538,2019-02-25,9.239999771118164,0.002169143547736896
539,2019-02-26,9.050000190734863,-0.020562725659062253
540,2019-02-27,8.84000015258789,-0.023204423615588943
541,2019-02-28,8.90999984741211,0.007918517377369705
542,2019-03-01,9.5,0.06621775114387396
543,2019-03-04,9.270000457763672,-0.024210478130139768
544,2019-03-05,9.15999984741211,-0.011866300422826435
545,2019-03-06,8.84000015258789,-0.03493446508240117
546,2019-03-07,8.689999580383299,-0.016968390227988794
547,2019-03-08,8.689999580383299,0.0
548,2019-03-11,8.670000076293945,-0.0023014390166945513
549,2019-03-12,8.380000114440918,-0.033448668892860016
550,2019-03-13,8.289999961853027,-0.010739874863819776
551,2019-03-14,8.109999656677246,-0.0217129440294408
552,2019-03-15,8.140000343322754,0.0036992216911879705
553,2019-03-18,8.380000114440918,0.029484000122314
554,2019-03-19,8.560000419616701,0.02147974972763977
555,2019-03-20,8.25,-0.03621500051638804
556,2019-03-21,8.369999885559082,0.014545440673828125
557,2019-03-22,7.96999979019165,-0.047789737256455515
558,2019-03-25,8.020000457763674,0.00627360964721202
559,2019-03-26,7.989999771118164,-0.0037407337821867563
560,2019-03-27,8.109999656677246,0.015018759574042972
561,2019-03-28,8.159999847412111,0.006165251892914503
562,2019-03-29,8.010000228881836,-0.018382306536175563
563,2019-04-01,8.010000228881836,0.0
564,2019-04-02,7.8400001525878915,-0.021223479580059323
565,2019-04-03,8.029999732971191,0.02423463988334018
566,2019-04-04,8.439999580383299,0.051058513206251765
567,2019-04-05,8.569999694824219,0.015402857927039769
568,2019-04-08,8.319999694824219,-0.029171529626889625
569,2019-04-09,8.020000457763674,-0.03605760193082352
570,2019-04-10,8.0,-0.0024938225214579113
571,2019-04-11,8.0,0.0
572,2019-04-12,7.960000038146973,-0.004999995231628418
573,2019-04-15,8.170000076293945,0.026381914213641004
574,2019-04-16,8.390000343322754,0.02692781701032798
575,2019-04-17,8.670000076293945,0.0333730299777677
576,2019-04-18,8.699999809265138,0.003460176782837721
577,2019-04-22,8.369999885559082,-0.03793102654492253
578,2019-04-23,8.520000457763674,0.01792121556218773
579,2019-04-24,8.779999732971191,0.030516345215756187
580,2019-04-25,8.729999542236326,-0.005694782717031499
581,2019-04-26,8.779999732971191,0.005727399009926693
582,2019-04-29,8.930000305175781,0.01708434815109383
583,2019-04-30,8.630000114440918,-0.03359464507083887
584,2019-05-01,8.649999618530272,0.0023174396088232463
585,2019-05-02,9.229999542236328,0.0670520172583089
586,2019-05-03,9.449999809265137,0.02383534972261825
587,2019-05-06,9.539999961853027,0.009523825862901123
588,2019-05-07,9.079999923706056,-0.04821803354154541
589,2019-05-08,8.789999961853027,-0.03193832205834024
590,2019-05-09,9.239999771118164,0.05119451777224726
591,2019-05-10,10.149999618530273,0.09848483441055178
592,2019-05-13,9.770000457763672,-0.037438342369280335
593,2019-05-14,9.6899995803833,-0.008188421047288563
594,2019-05-15,9.460000038146973,-0.023735763900541884
595,2019-05-16,9.5600004196167,0.010570864806181746
596,2019-05-17,9.079999923706056,-0.0502092546905859
597,2019-05-20,8.869999885559082,-0.023127757699502486
598,2019-05-21,8.659999847412111,-0.023675314639954426
599,2019-05-22,8.659999847412111,0.0
600,2019-05-23,8.869999885559082,0.024249427465027784
601,2019-05-24,9.0,0.014656157397765712
602,2019-05-28,8.8100004196167,-0.021111064487033367
603,2019-05-29,8.260000228881836,-0.06242907656510555
604,2019-05-30,8.090000152587889,-0.020581122467712158
605,2019-05-31,7.670000076293945,-0.0519159540633124
606,2019-06-03,7.789999961853027,0.015645356501360563
607,2019-06-04,8.350000381469728,0.07188708887791727
608,2019-06-05,8.369999885559082,0.002395150080919395
609,2019-06-06,8.109999656677246,-0.031063349156123517
610,2019-06-07,8.289999961853027,0.022194859777531658
611,2019-06-10,8.319999694824219,0.0036187856585327967
612,2019-06-11,8.060000419616701,-0.03124991403175903
613,2019-06-12,7.989999771118164,-0.008684943530296474
614,2019-06-13,8.329999923706055,0.0425532118057006
615,2019-06-14,8.119999885559082,-0.02521008884397957
616,2019-06-17,7.989999771118164,-0.016009866536096262
617,2019-06-18,8.109999656677246,0.015018759574042972
618,2019-06-19,8.140000343322754,0.0036992216911879705
619,2019-06-20,8.279999732971191,0.01719894149184875
620,2019-06-21,8.489999771118164,0.02536232426563334
621,2019-06-24,8.600000381469728,0.012956491556780804
622,2019-06-25,8.229999542236326,-0.04302335149084835
623,2019-06-26,8.409999847412111,0.02187124121356554
624,2019-06-27,8.460000038146973,0.005945325997865236
625,2019-06-28,8.880000114440918,0.049645398865262765
626,2019-07-01,8.9399995803833,0.006756696528056327
627,2019-07-02,9.0600004196167,0.013422913295959349
628,2019-07-03,9.239999771118164,0.01986747717050097
629,2019-07-05,8.819999694824219,-0.0454545548374099
630,2019-07-08,8.699999809265138,-0.013605429672463476
631,2019-07-09,8.5,-0.02298848432756828
632,2019-07-10,8.409999847412111,-0.01058825324563395
633,2019-07-11,8.369999885559082,-0.004756238118760248
634,2019-07-12,8.579999923706055,0.025089610635394388
635,2019-07-15,8.470000267028809,-0.012820472920206384
636,2019-07-16,8.520000457763674,0.005903210054136743
637,2019-07-17,8.069999694824219,-0.05281698811757707
638,2019-07-18,7.690000057220459,-0.047087937047565975
639,2019-07-19,7.510000228881836,-0.023406999609787205
640,2019-07-22,7.230000019073486,-0.03728364863845535
641,2019-07-23,7.25,0.002766249083506533
642,2019-07-24,7.190000057220459,-0.008275854176488462
643,2019-07-25,6.949999809265138,-0.033379728239960826
644,2019-07-26,6.989999771118164,0.005755390352630174
645,2019-07-29,6.9000000953674325,-0.012875490514692056
646,2019-07-30,7.039999961853027,0.020289835442116818
647,2019-07-31,7.199999809265138,0.0227272511760066
648,2019-08-01,7.289999961853027,0.012500021523899951
649,2019-08-02,7.380000114440918,0.012345700008071558
650,2019-08-05,7.53000020980835,0.02032521585926772
651,2019-08-06,7.449999809265138,-0.010624222883686809
652,2019-08-07,7.389999866485598,-0.008053683800759437
653,2019-08-08,5.800000190734862,-0.21515557570732124
654,2019-08-09,5.329999923706055,-0.08103452613322393
655,2019-08-12,5.0,-0.06191368263221275
656,2019-08-13,4.96999979019165,-0.006000041961669922
657,2019-08-14,4.650000095367432,-0.06438625922193031
658,2019-08-15,4.4099998474121085,-0.051612955490995316
659,2019-08-16,4.539999961853027,0.02947848502017658
660,2019-08-19,4.71999979019165,0.03964753961477019
661,2019-08-20,4.9099998474121085,0.040254251200452666
662,2019-08-21,5.059999942779541,0.030549918539507063
663,2019-08-22,5.329999923706055,0.053359680628414896
664,2019-08-23,5.070000171661377,-0.048780441982425926
665,2019-08-26,5.260000228881836,0.0374753551848892
666,2019-08-27,5.110000133514403,-0.028517127155965768
667,2019-08-28,5.25,0.027397233430072717
668,2019-08-29,5.489999771118164,0.04571424211774544
669,2019-08-30,5.5900001525878915,0.01821500649158692
670,2019-09-03,5.25,-0.060822923668524265
671,2019-09-04,5.289999961853027,0.007619040352957683
672,2019-09-05,5.349999904632568,0.01134214427451985
673,2019-09-06,5.210000038146973,-0.026168199809568197
674,2019-09-09,5.380000114440918,0.032629572946108576
675,2019-09-10,5.960000038146973,0.10780667497556884
676,2019-09-11,6.510000228881836,0.0922819106064745
677,2019-09-12,6.510000228881836,0.0
678,2019-09-13,6.6599998474121085,0.023041415246775943
679,2019-09-16,6.619999885559082,-0.00600600041583621
680,2019-09-17,6.440000057220459,-0.0271903068656052
681,2019-09-18,6.570000171661378,0.020186352994696618
682,2019-09-19,6.46999979019165,-0.01522075781688148
683,2019-09-20,6.340000152587893,-0.02009268034302469
684,2019-09-23,6.480000019073486,0.022081997336931947
685,2019-09-24,6.230000019073486,-0.03858024680002159
686,2019-09-25,6.4099998474121085,0.028892428216299008
687,2019-09-26,6.289999961853027,-0.018720731422096404
688,2019-09-27,6.380000114440918,0.014308450418714537
689,2019-09-30,6.190000057220459,-0.029780572697859387
690,2019-10-01,6.119999885559082,-0.011308589824603256
691,2019-10-02,5.880000114440918,-0.03921564960882995
692,2019-10-03,5.739999771118164,-0.02380958173434755
693,2019-10-04,5.860000133514402,0.020905987313804664
694,2019-10-07,5.769999980926514,-0.015358387463706881
695,2019-10-08,5.840000152587893,0.012131745562005802
696,2019-10-09,6.0,0.02739723343007228
697,2019-10-10,6.1599998474121085,0.02666664123535134
698,2019-10-11,6.309999942779541,0.02435066543555986
699,2019-10-14,6.380000114440918,0.01109352968243327
700,2019-10-15,6.4000000953674325,0.0031347931924397
701,2019-10-16,6.389999866485598,-0.0015625357395030461
702,2019-10-17,6.460000038146973,0.010954643681373444
703,2019-10-18,6.329999923706055,-0.02012385660576688
704,2019-10-21,6.4000000953674325,0.011058479068731808
705,2019-10-22,6.5,0.015624984866008162
706,2019-10-23,6.6500000953674325,0.02307693774883579
707,2019-10-24,6.690000057220459,0.006015031771336554
708,2019-10-25,6.559999942779541,-0.01943200498191477
709,2019-10-28,6.5999999046325675,0.006097555213709249
710,2019-10-29,6.6500000953674325,0.007575786584446574
711,2019-10-30,6.6500000953674325,0.0
712,2019-10-31,6.699999809265138,0.007518753861753601
713,2019-11-01,6.670000076293945,-0.004477572212719605
714,2019-11-04,6.949999809265138,0.0419789699802775
715,2019-11-05,7.0,0.007194272245620192
716,2019-11-06,6.9000000953674325,-0.014285700661795353
717,2019-11-07,9.050000190734863,0.3115942124132596
718,2019-11-08,9.670000076293944,0.06850827320355403
719,2019-11-11,9.899999618530273,0.023784854231819086
720,2019-11-12,9.609999656677246,-0.02929292656842342
721,2019-11-13,9.84000015258789,0.02393345516415657
722,2019-11-14,9.5,-0.03455286049954698
723,2019-11-15,9.34000015258789,-0.016842089201274724
724,2019-11-18,9.1899995803833,-0.016060018174949175
725,2019-11-19,9.029999732971193,-0.017410212700514016
726,2019-11-20,8.729999542236326,-0.03322261346691713
727,2019-11-21,8.579999923706055,-0.017182087788729317
728,2019-11-22,8.619999885559082,0.004662000257425357
729,2019-11-25,8.800000190734863,0.020881706214095352
730,2019-11-26,8.659999847412111,-0.015909129578218884
731,2019-11-27,8.460000038146973,-0.023094666603822755
732,2019-11-29,8.279999732971191,-0.021276631721529826
733,2019-12-02,8.140000343322754,-0.01690813939171476
734,2019-12-03,8.020000457763674,-0.014742000061156781
735,2019-12-04,7.889999866485598,-0.016209549109467924
736,2019-12-05,8.090000152587889,0.025348579149137015
737,2019-12-06,8.199999809265138,0.01359699068016229
738,2019-12-09,8.159999847412111,-0.004878044241882985
739,2019-12-10,8.050000190734862,-0.013480350335072
740,2019-12-11,7.710000038146973,-0.04223604279900661
741,2019-12-12,7.5,-0.027237358898566818
742,2019-12-13,7.6599998474121085,0.02133331298828112
743,2019-12-16,7.71999979019165,0.007832890858322061
744,2019-12-17,7.670000076293945,-0.006476647053958562
745,2019-12-18,7.630000114440918,-0.005215118833786892
746,2019-12-19,7.639999866485598,0.0013105834724371768
747,2019-12-20,7.610000133514402,-0.003926666687887881
748,2019-12-23,7.6599998474121085,0.0065702645230594214
749,2019-12-24,7.710000038146973,0.006527440173743182
750,2019-12-26,7.5999999046325675,-0.014267202719864482
751,2019-12-27,7.329999923706055,-0.03552631372560067
752,2019-12-30,7.25,-0.010914041546893571
753,2019-12-31,7.480000019073486,0.03172414056186024
754,2020-01-02,7.090000152587893,-0.052139019450684665
755,2020-01-03,7.079999923706055,-0.001410469487534205
756,2020-01-06,7.230000019073486,0.021186454376247218
757,2020-01-07,7.0999999046325675,-0.017980652019082166
758,2020-01-08,7.019999980926514,-0.01126759503952346
759,2020-01-09,7.019999980926514,0.0
760,2020-01-10,6.809999942779541,-0.029914535429850012
761,2020-01-13,7.039999961853027,0.033773865052282304
762,2020-01-14,7.170000076293945,0.01846592544678094
763,2020-01-15,7.309999942779541,0.019525783123556014
764,2020-01-16,7.570000171661378,0.035567747047474674
765,2020-01-17,7.440000057220459,-0.017173066247419655
766,2020-01-21,7.440000057220459,0.0
767,2020-01-22,7.4000000953674325,-0.005376338917391199
768,2020-01-23,7.300000190734862,-0.013513500451867722
769,2020-01-24,7.210000038146973,-0.012328787703611009
770,2020-01-27,6.96999979019165,-0.03328713546262396
771,2020-01-28,7.210000038146973,0.03443332212047645
772,2020-01-29,7.300000190734862,0.012482684065424854
773,2020-01-30,7.380000114440918,0.010958893372029044
774,2020-01-31,7.429999828338622,0.006775028878369005
775,2020-02-03,7.6599998474121085,0.03095558874661708
776,2020-02-04,7.539999961853027,-0.015665781716643568
777,2020-02-05,8.430000305175781,0.1180371814092196
778,2020-02-06,9.420000076293944,0.11743769101767774
779,2020-02-07,9.640000343322754,0.023354592913693798
780,2020-02-10,10.18000030517578,0.05601659155822159
781,2020-02-11,9.760000228881836,-0.04125737364471438
782,2020-02-12,9.609999656677246,-0.015368910726119343
783,2020-02-13,9.59000015258789,-0.002081113923397382
784,2020-02-14,9.300000190734863,-0.030239828700604376
785,2020-02-18,9.5600004196167,0.027957013284888088
786,2020-02-19,9.399999618530273,-0.01673648473467759
787,2020-02-20,9.399999618530273,0.0
788,2020-02-21,9.380000114440918,-0.0021276069043588697
789,2020-02-24,9.15999984741211,-0.023454185964252642
790,2020-02-25,8.409999847412111,-0.08187773062156645
791,2020-02-26,7.809999942779541,-0.07134362848023112
792,2020-02-27,7.5900001525878915,-0.0281689874268235
793,2020-02-28,7.3499999046325675,-0.031620585392675434
794,2020-03-02,7.4099998474121085,0.008163257626945697
795,2020-03-03,7.139999866485598,-0.036437245139864016
796,2020-03-04,7.269999980926514,0.01820729928177189
797,2020-03-05,6.710000038146973,-0.07702887816351445
798,2020-03-06,6.28000020980835,-0.06408343157884266
799,2020-03-09,5.440000057220459,-0.13375798161215754
800,2020-03-10,5.570000171661377,0.023897079609102256
801,2020-03-11,4.800000190734863,-0.13824056682153466
802,2020-03-12,4.929999828338623,0.027083256757924667
803,2020-03-13,5.46999979019165,0.10953346463604308
804,2020-03-16,5.9000000953674325,0.07861066209670109
805,2020-03-17,8.119999885559082,0.3762711447979046
806,2020-03-18,6.269999980926514,-0.22783250378151845
807,2020-03-19,7.369999885559082,0.17543858181479965
808,2020-03-20,7.0,-0.05020351306708526
809,2020-03-23,7.980000019073486,0.14000000272478386
810,2020-03-24,8.039999961853027,0.007518789804026538
811,2020-03-25,7.329999923706055,-0.08830846287508376
812,2020-03-26,7.559999942779541,0.031377901973728584
813,2020-03-27,8.010000228881836,0.059523847818555124
814,2020-03-30,8.140000343322754,0.016229726682425616
815,2020-03-31,8.800000190734863,0.08108105891586459
816,2020-04-01,9.369999885559082,0.06477269118975104
817,2020-04-02,9.239999771118164,-0.013874078551620041
818,2020-04-03,9.329999923706056,0.0097402764953749
819,2020-04-06,8.609999656677246,-0.07717044725792588
820,2020-04-07,7.760000228881836,-0.09872235327398836
821,2020-04-08,8.229999542236326,0.060566920037606
822,2020-04-09,8.949999809265137,0.08748484897645148
823,2020-04-13,9.25,0.03351957509812453
824,2020-04-14,9.43000030517578,0.019459492451435526
825,2020-04-15,9.119999885559082,-0.03287385043312774
826,2020-04-16,9.09000015258789,-0.003289444446012979
827,2020-04-17,9.15999984741211,0.007700736375047201
828,2020-04-20,9.010000228881836,-0.01637550447914593
829,2020-04-21,9.510000228881836,0.05549389426175977
830,2020-04-22,9.40999984741211,-0.010515286967714864
831,2020-04-23,9.43000030517578,0.002125447193197516
832,2020-04-24,9.5600004196167,0.013785801721508673
833,2020-04-27,10.100000381469727,0.0564853491789572
834,2020-04-28,9.960000038146973,-0.013861419607429927
835,2020-04-29,10.489999771118164,0.05321282439169517
836,2020-04-30,10.119999885559082,-0.03527167718132773
837,2020-05-01,9.84000015258789,-0.027667958116357468
838,2020-05-04,9.699999809265137,-0.014227676946319434
839,2020-05-05,9.720000267028807,0.002061902902777968
840,2020-05-06,9.699999809265137,-0.002057660207223866
841,2020-05-07,7.090000152587893,-0.26907213484522485
842,2020-05-08,7.039999961853027,-0.007052212927896041
843,2020-05-11,7.4000000953674325,0.05113638287856559
844,2020-05-12,7.25,-0.02027028289652799
845,2020-05-13,7.0999999046325675,-0.020689668326542288
846,2020-05-14,7.139999866485598,0.005633797519762007
847,2020-05-15,7.679999828338622,0.07563024817237407
848,2020-05-18,7.769999980926514,0.011718770130149991
849,2020-05-19,7.690000057220459,-0.010296000502243885
850,2020-05-20,7.460000038146973,-0.029908974949555363
851,2020-05-21,7.9000000953674325,0.05898124061266796
852,2020-05-22,8.159999847412111,0.03291136062101363
853,2020-05-26,9.25,0.13357845256989487
854,2020-05-27,9.260000228881836,0.0010811058250632666
855,2020-05-28,9.289999961853027,0.003239711903853193
856,2020-05-29,9.710000038146973,0.04520991151975951
857,2020-06-01,10.65999984741211,0.0978372611259466
858,2020-06-02,11.460000038146973,0.07504692328199948
859,2020-06-03,10.729999542236328,-0.06369986854107224
860,2020-06-04,11.06999969482422,0.03168687484557253
861,2020-06-05,11.239999771118164,0.015356827550178531
862,2020-06-08,11.970000267028807,0.06494666465976473
863,2020-06-09,11.59000015258789,-0.031746040598480296
864,2020-06-10,11.229999542236328,-0.031061311959618813
865,2020-06-11,10.84000015258789,-0.034728353120731636
866,2020-06-12,10.9399995803833,0.00922503933466623
867,2020-06-15,11.8100004196167,0.07952475983576934
868,2020-06-16,12.039999961853027,0.019474981715859485
869,2020-06-17,12.119999885559082,0.006644511956771071
870,2020-06-18,12.619999885559082,0.041254125802075985
871,2020-06-19,12.890000343322756,0.021394648194302368
872,2020-06-22,12.989999771118164,0.0077579073027107546
873,2020-06-23,14.15999984741211,0.09006929152495546
874,2020-06-24,13.270000457763672,-0.06285306491801235
875,2020-06-25,13.710000038146973,0.03315746535079267
876,2020-06-26,14.079999923706055,0.026987591869408245
877,2020-06-29,14.300000190734865,0.015625019049780198
878,2020-06-30,14.449999809265135,0.01048948367339575
879,2020-07-01,14.970000267028807,0.035986191323701844
880,2020-07-02,15.260000228881836,0.01937207459453094
881,2020-07-06,15.329999923706055,0.004587135896088279
882,2020-07-07,15.239999771118164,-0.005870851470045735
883,2020-07-08,15.479999542236328,0.015748016714081325
884,2020-07-09,14.90999984741211,-0.036821686801023816
885,2020-07-10,14.65999984741211,-0.016767270459992156
886,2020-07-13,13.600000381469727,-0.07230555777457948
887,2020-07-14,14.270000457763672,0.04926471011036404
888,2020-07-15,14.630000114440918,0.025227725657246625
889,2020-07-16,14.989999771118164,0.02460694831587173
890,2020-07-17,14.8100004196167,-0.012007962258163364
891,2020-07-20,14.630000114440918,-0.012153970295460614
892,2020-07-21,15.970000267028807,0.09159262762173226
893,2020-07-22,15.729999542236328,-0.01502822296678208
894,2020-07-23,15.210000038146973,-0.033057820675271736
895,2020-07-24,15.010000228881836,-0.013149231345399914
896,2020-07-27,15.779999732971193,0.051299100089801764
897,2020-07-28,16.350000381469727,0.03612171471128467
898,2020-07-29,17.010000228881836,0.04036696220265057
899,2020-07-30,16.90999984741211,-0.00587891711488242
900,2020-07-31,17.149999618530273,0.01419277192689594
901,2020-08-03,18.239999771118164,0.06355686162291008
902,2020-08-04,18.170000076293945,-0.0038377026152740523
903,2020-08-05,18.239999771118164,0.003852487315921804
904,2020-08-06,20.25,0.11019738235219377
905,2020-08-07,21.15999984741211,0.04493826406973378
906,2020-08-10,22.239999771118164,0.05103969430501398
907,2020-08-11,20.34000015258789,-0.08543163840305867
908,2020-08-12,21.25,0.044739421857689976
909,2020-08-13,22.21999931335449,0.04564702651079955
910,2020-08-14,22.54999923706055,0.014851482173886762
911,2020-08-17,22.13999938964844,-0.018181812030320654
912,2020-08-18,22.26000022888184,0.00542009225571638
913,2020-08-19,21.709999084472656,-0.02470804756307099
914,2020-08-20,20.81999969482422,-0.04099490682544426
915,2020-08-21,20.65999984741211,-0.007684911131477291
916,2020-08-24,20.56999969482422,-0.004356251367502506
917,2020-08-25,19.739999771118164,-0.040350021196884016
918,2020-08-26,20.31999969482422,0.02938196202791543
919,2020-08-27,19.3799991607666,-0.046259869496801616
920,2020-08-28,19.3799991607666,0.0
921,2020-08-31,19.40999984741211,0.0015480231137596778
922,2020-09-01,20.290000915527344,0.045337510305677016
923,2020-09-02,19.43000030517578,-0.04238543970165276
924,2020-09-03,18.049999237060547,-0.07102424325477896
925,2020-09-04,18.5,0.024930791244328843
926,2020-09-08,18.34000015258789,-0.008648640400654606
927,2020-09-09,18.09000015258789,-0.013631406647765076
928,2020-09-10,18.209999084472656,0.006633440070347385
929,2020-09-11,19.43000030517578,0.06699622636133995
930,2020-09-14,19.3799991607666,-0.0025733990542378127
931,2020-09-15,19.51000022888184,0.006708001741218661
932,2020-09-16,19.399999618530273,-0.005638165508000671
933,2020-09-17,18.989999771118164,-0.02113401316876784
934,2020-09-18,18.950000762939453,-0.0021063195713959537
935,2020-09-21,19.32999992370605,0.02005272535448976
936,2020-09-22,21.850000381469727,0.13036732890377212
937,2020-09-23,19.290000915527344,-0.11716244490839622
938,2020-09-24,19.059999465942386,-0.011923350890036488
939,2020-09-25,18.93000030517578,-0.006820522791666117
940,2020-09-28,19.200000762939453,0.014263098436921197
941,2020-09-29,19.100000381469727,-0.005208352994586885
942,2020-09-30,20.18000030517578,0.05654449749403345
943,2020-10-01,20.989999771118164,0.04013872416714648
944,2020-10-02,20.690000534057614,-0.014292484055828503
945,2020-10-05,22.25,0.07539871559570455
946,2020-10-06,21.96999931335449,-0.012584300523393764
947,2020-10-07,23.0,0.046882144689891936
948,2020-10-08,21.8799991607666,-0.048695688662321664
949,2020-10-09,21.450000762939453,-0.01965257835101686
950,2020-10-12,20.6299991607666,-0.03822851156208917
951,2020-10-13,20.81999969482422,0.009209914773964378
952,2020-10-14,20.6200008392334,-0.009606093108663227
953,2020-10-15,20.8700008392334,0.012124150815955748
954,2020-10-16,20.71999931335449,-0.007187423088020339
955,2020-10-19,20.520000457763672,-0.009652454740281424
956,2020-10-20,20.8799991607666,0.017543796051267883
957,2020-10-21,20.26000022888184,-0.029693436628567382
958,2020-10-22,20.6200008392334,0.017769032886700398
959,2020-10-23,20.959999084472656,0.01648876000976429
960,2020-10-26,20.82999992370605,-0.0062022503074873345
961,2020-10-27,22.280000686645508,0.06961117466396383
962,2020-10-28,22.06999969482422,-0.009425537942068464
963,2020-10-29,21.57999992370605,-0.02220207421357967
964,2020-10-30,19.770000457763672,-0.08387393291665679
965,2020-11-02,20.65999984741211,0.04501767167632687
966,2020-11-03,21.030000686645508,0.01790904365760415
967,2020-11-04,20.51000022888184,-0.024726602034486844
968,2020-11-05,22.059999465942386,0.07557285323077978
969,2020-11-06,23.5,0.06527654437529695
970,2020-11-09,20.350000381469727,-0.13404253695873505
971,2020-11-10,20.459999084472656,0.005405341569580058
972,2020-11-11,22.059999465942386,0.07820139066790044
973,2020-11-12,22.15999984741211,0.004533108970564914
974,2020-11-13,21.899999618530273,-0.011732862394951638
975,2020-11-16,20.75,-0.052511399021085925
976,2020-11-17,21.229999542236328,0.023132508059582117
977,2020-11-18,21.09000015258789,-0.006594413220307183
978,2020-11-19,20.950000762939453,-0.0066381881761750075
979,2020-11-20,20.989999771118164,0.0019092604640602586
980,2020-11-23,21.459999084472656,0.022391582585970404
981,2020-11-24,20.239999771118164,-0.05684992383048236
982,2020-11-25,20.540000915527344,0.0148221910969224
983,2020-11-27,21.270000457763672,0.035540385087543085
984,2020-11-30,20.6299991607666,-0.030089388021779077
985,2020-12-01,20.399999618530273,-0.011148790673425337
986,2020-12-02,20.25,-0.007352922614470181
987,2020-12-03,19.940000534057614,-0.015308615602093182
988,2020-12-04,20.020000457763672,0.004012032174694147
989,2020-12-07,19.440000534057614,-0.02897102449771105
990,2020-12-08,19.71999931335449,0.014403228992012409
991,2020-12-09,19.6299991607666,-0.004563902419962962
992,2020-12-10,19.809999465942386,0.009169654247135341
993,2020-12-11,19.450000762939453,-0.018172575098845845
994,2020-12-14,19.780000686645508,0.016966576388770305
995,2020-12-15,20.96999931335449,0.060161708058605434
996,2020-12-16,20.57999992370605,-0.018597968641804963
997,2020-12-17,20.3799991607666,-0.009718210091394064
998,2020-12-18,20.100000381469727,-0.013738900433121648
999,2020-12-21,21.06999969482422,0.048258671390311925
1000,2020-12-22,25.709999084472656,0.22021829410791294
1001,2020-12-23,26.20000076293945,0.019058797974159655
1002,2020-12-24,25.770000457763672,-0.016412224910467343
1003,2020-12-28,25.459999084472656,-0.01202954473357887
1004,2020-12-29,23.6299991607666,-0.0718774544191606
1005,2020-12-30,23.989999771118164,0.015234897297384588
1006,2020-12-31,23.76000022888184,-0.009587309063388337
1007,2021-01-04,24.190000534057607,0.018097655767405074
1008,2021-01-05,24.920000076293945,0.030177739814786664
1009,2021-01-06,28.709999084472656,0.15208663710174242
1010,2021-01-07,29.770000457763672,0.036920982483217964
1011,2021-01-08,27.899999618530273,-0.06281494156798795
1012,2021-01-11,28.1200008392334,0.007885348520112691
1013,2021-01-12,29.21999931335449,0.039118010003269976
1014,2021-01-13,28.0,-0.04175220198574437
1015,2021-01-14,28.81999969482422,0.029285703386579213
1016,2021-01-15,28.15999984741211,-0.02290075830676153
1017,2021-01-19,28.25,0.003196028163194864
1018,2021-01-20,28.459999084472656,0.0074335959105364955
1019,2021-01-21,28.21999931335449,-0.008432880493278283
1020,2021-01-22,29.309999465942386,0.038625094936557185
1021,2021-01-25,29.239999771118164,-0.0023882530228483967
1022,2021-01-26,28.239999771118164,-0.034199726669893904
1023,2021-01-27,28.149999618530273,-0.0031869742676108315
1024,2021-01-28,28.3700008392334,0.007815318780974412
1025,2021-01-29,29.170000076293945,0.028198773824293036
1026,2021-02-01,31.01000022888184,0.06307851037968404
1027,2021-02-02,31.06999969482422,0.0019348424862795086
1028,2021-02-03,31.40999984741211,0.010943036882119063
1029,2021-02-04,31.459999084472656,0.001591825447419204
1030,2021-02-05,30.38999938964844,-0.034011434391691416
1031,2021-02-08,32.09999847412109,0.05626848038223753
1032,2021-02-09,33.380001068115234,0.03987547211337361
1033,2021-02-10,34.139999389648445,0.022768073613369744
1034,2021-02-11,35.66999816894531,0.04481543077475214
1035,2021-02-12,36.22999954223633,0.01569950664529496
1036,2021-02-16,35.7599983215332,-0.01297270843614573
1037,2021-02-17,35.29999923706055,-0.01286350967739458
1038,2021-02-18,34.139999389648445,-0.032861186189325764
1039,2021-02-19,34.75,0.017867622180933962
1040,2021-02-22,34.77000045776367,0.0005755527414006423
1041,2021-02-23,33.47999954223633,-0.037100974936550624
1042,2021-02-24,33.34000015258789,-0.004181582782634807
1043,2021-02-25,32.209999084472656,-0.03389325323765846
1044,2021-02-26,31.61000061035156,-0.018627708512116592
1045,2021-03-01,33.290000915527344,0.05314774668576328
1046,2021-03-02,32.150001525878906,-0.034244498597076116
1047,2021-03-03,30.85000038146973,-0.04043549246374845
1048,2021-03-04,29.399999618530273,-0.04700164489496761
1049,2021-03-05,29.479999542236328,0.0027210858756485656
1050,2021-03-08,29.53000068664551,0.0016961039750882367
1051,2021-03-09,31.149999618530273,0.05485942750476736
1052,2021-03-10,31.989999771118164,0.02696629736355427
1053,2021-03-11,33.09999847412109,0.03469830293669074
1054,2021-03-12,32.830001831054695,-0.008156998655981407
1055,2021-03-15,32.380001068115234,-0.013706997802046872
1056,2021-03-16,32.490001678466804,0.003397177477547641
1057,2021-03-17,32.52000045776367,0.0009233234148076086
1058,2021-03-18,33.049999237060554,0.016297625210222044
1059,2021-03-19,34.5,0.04387294391563823
1060,2021-03-22,33.389999389648445,-0.03217393073482766
1061,2021-03-23,31.479999542236328,-0.05720275179173118
1062,2021-03-24,28.57999992370605,-0.09212197143266744
1063,2021-03-25,29.8799991607666,0.045486327520324776
1064,2021-03-26,30.85000038146973,0.032463227842950186
1065,2021-03-29,29.489999771118164,-0.04408429800760905
1066,2021-03-30,30.670000076293945,0.04001357457898136
1067,2021-03-31,32.06999969482422,0.04564719970810782
1068,2021-04-01,32.330001831054695,0.008107332045669935
1069,2021-04-05,32.720001220703125,0.012063079726578165
1070,2021-04-06,32.689998626708984,-0.000916949659988342
1071,2021-04-07,32.330001831054695,-0.011012444502220277
1072,2021-04-08,32.40999984741211,0.0024744204091127213
1073,2021-04-09,31.65999984741211,-0.02314100597133717
1074,2021-04-12,32.630001068115234,0.030638067763048667
1075,2021-04-13,32.830001831054695,0.006129352019387246
1076,2021-04-14,32.68000030517578,-0.004569037999170078
1077,2021-04-15,32.389999389648445,-0.00887395694061266
1078,2021-04-16,31.709999084472656,-0.0209941438094966
1079,2021-04-19,33.40999984741211,0.0536108739205825
1080,2021-04-20,32.0,-0.042202928879130915
1081,2021-04-21,32.15999984741211,0.004999995231628418
1082,2021-04-22,32.290000915527344,0.004042321788931602
1083,2021-04-23,32.65999984741211,0.011458622526914873
1084,2021-04-26,32.84999847412109,0.005817471757399106
1085,2021-04-27,33.150001525878906,0.009132513415309962
1086,2021-04-28,32.59999847412109,-0.016591343180737184
1087,2021-04-29,33.02000045776367,0.012883497033780332
1088,2021-04-30,32.610000610351555,-0.012416712347916305
1089,2021-05-03,33.97999954223633,0.042011619326676415
1090,2021-05-04,34.580001831054695,0.017657513151893234
1091,2021-05-05,35.47999954223633,0.026026537406755867
1092,2021-05-06,34.509998321533196,-0.0273393808686051
1093,2021-05-07,34.470001220703125,-0.0011590003701945626
1094,2021-05-10,35.630001068115234,0.033652445788583174
1095,2021-05-11,36.849998474121094,0.034240734477485546
1096,2021-05-12,35.380001068115234,-0.039891383090238215
1097,2021-05-13,36.36000061035156,0.0276992513468155
1098,2021-05-14,37.45000076293945,0.029978001493145445
1099,2021-05-17,37.77999877929688,0.008811695851392187
1100,2021-05-18,37.18000030517578,-0.01588137886467844
1101,2021-05-19,37.400001525878906,0.00591719254699674
1102,2021-05-20,37.560001373291016,0.0042780706118794596
1103,2021-05-21,37.95000076293945,0.010383369951785015
1104,2021-05-24,38.040000915527344,0.002371545475060577
1105,2021-05-25,37.5,-0.014195607322052496
1106,2021-05-26,39.959999084472656,0.06559997558593755
1107,2021-05-27,43.34000015258789,0.08458461325212108
1108,2021-05-28,43.59000015258789,0.005768343311486346
1109,2021-06-01,44.68000030517578,0.02500573867337264
1110,2021-06-02,43.88999938964844,-0.017681309537409096
1111,2021-06-03,43.040000915527344,-0.019366563817304727
1112,2021-06-04,42.43999862670898,-0.013940573328424466
1113,2021-06-07,43.63000106811523,0.028039643730274344
1114,2021-06-08,43.18000030517578,-0.010314021359681071
1115,2021-06-09,42.68999862670898,-0.01134788501629702
1116,2021-06-10,42.13000106811523,-0.013117769421603807
1117,2021-06-11,43.02999877929688,0.02136239469176737
1118,2021-06-14,42.52000045776367,-0.011852157471558766
1119,2021-06-15,41.86000061035156,-0.01552210348792693
1120,2021-06-16,42.02000045776367,0.0038222609909026603
1121,2021-06-17,40.349998474121094,-0.039743026307702656
1122,2021-06-18,41.7599983215332,0.03494423545806158
1123,2021-06-21,43.90999984741211,0.051484712938081545
1124,2021-06-22,43.47999954223633,-0.00979276489797398
1125,2021-06-23,43.88000106811523,0.009199667205385786
1126,2021-06-24,45.18999862670898,0.02985409131053185
1127,2021-06-25,45.18000030517578,-0.00022125075983703282
1128,2021-06-28,44.61000061035156,-0.012616195019346188
1129,2021-06-29,45.43000030517578,0.018381521712733214
1130,2021-06-30,46.27999877929688,0.01871006974270828
1131,2021-07-01,45.04999923706055,-0.0265773460388804
1132,2021-07-02,41.2599983215332,-0.08412876758518317
1133,2021-07-06,41.13999938964844,-0.002908360076741445
1134,2021-07-07,41.150001525878906,0.00024312436506712667
1135,2021-07-08,40.310001373291016,-0.020413125672902318
1136,2021-07-09,41.709999084472656,0.03473077805721103
1137,2021-07-12,41.900001525878906,0.004555321159836367
1138,2021-07-13,40.97000122070313,-0.02219571053240588
1139,2021-07-14,40.11999893188477,-0.02074694321436421
1140,2021-07-15,40.540000915527344,0.010468643938790878
1141,2021-07-16,39.20000076293945,-0.03305377706774182
1142,2021-07-19,39.2599983215332,0.0015305499343376552
1143,2021-07-20,39.91999816894531,0.01681100039808503
1144,2021-07-21,39.68000030517578,-0.006011970811066636
1145,2021-07-22,39.06999969482422,-0.015372999134579013
1146,2021-07-23,39.29999923706055,0.005886858050495381
1147,2021-07-26,39.41999816894531,0.003053407995275537
1148,2021-07-27,38.5,-0.023338361534224528
1149,2021-07-28,39.040000915527344,0.014025997805904966
1150,2021-07-29,41.22000122070313,0.05584017044192069
1151,2021-07-30,40.38999938964844,-0.020135900205597745
1152,2021-08-02,41.290000915527344,0.022282781368636817
1153,2021-08-03,43.52999877929688,0.05425037089130158
1154,2021-08-04,42.86000061035156,-0.015391642263587024
1155,2021-08-05,42.959999084472656,0.0023331421534544816
1156,2021-08-06,43.06999969482422,0.002560535677276654
1157,2021-08-09,43.25,0.004179250207828833
1158,2021-08-10,44.59000015258789,0.030982662487581306
1159,2021-08-11,45.88999938964844,0.02915450174056788
1160,2021-08-12,44.7599983215332,-0.024624124714417217
1161,2021-08-13,43.02000045776367,-0.038873948369485316
1162,2021-08-16,42.52999877929688,-0.011390090033770785
1163,2021-08-17,41.66999816894531,-0.020221035387619324
1164,2021-08-18,40.25,-0.03407723137371221
1165,2021-08-19,40.040000915527344,-0.005217368558326885
